dong_cd,sgg_cd,sgg_nm,emd_nm,pop_0,pop_1,pop_2,pop_3,pop_4,pop_5,pop_6,pop_0_6,pop_0_2,pop_3_6,capacity,enrolled,fac_cnt,cc_capacity,cc_enrolled,cc_cnt,kg_capacity,kg_enrolled,kg_cnt,public_capacity,public_cnt,private_capacity,private_cnt,coverage,fill,usage,public_share,infant_ratio,quadrant,in_all,in_child,in_child_hh,in_child_gp,in_child_0_2,in_child_gpcare,in_child_reason_가족,in_child_reason_교육,in_child_reason_기타,in_child_reason_자연환경,in_child_reason_주거환경,in_child_reason_주택,in_child_reason_직업,out_all,out_child,out_child_hh,out_child_gp,out_child_0_2,out_child_gpcare,out_child_reason_가족,out_child_reason_교육,out_child_reason_기타,out_child_reason_자연환경,out_child_reason_주거환경,out_child_reason_주택,out_child_reason_직업,net_all,net_child,net_child_hh,in_rate,out_rate,net_rate,turnover_rate,churn_ratio,in_share_직업,in_share_가족,in_share_주택,in_share_교육,in_share_주거환경,in_share_자연환경,in_share_기타,gpcare_share_in,headless_share_in,small_denom,analysis_ok
2711051700,27110,중구,동인동,94,106,78,60,69,34,38,479,278,201,311.0,240.0,6.0,275.0,230.0,5.0,36.0,10.0,1.0,138.0,3.0,173.0,3.0,0.6492693110647182,0.7717041800643086,0.5010438413361169,0.4437299035369775,1.3830845771144278,물리적부족,6783,367.0,323.0,2.0,225.0,11.0,70.0,9.0,14.0,0.0,15.0,230.0,29.0,4810,167.0,117.0,0.0,96.0,20.0,58.0,10.0,8.0,1.0,6.0,62.0,22.0,1973,200.0,206.0,0.7661795407098121,0.348643006263048,0.4175365344467641,1.11482254697286,0.4550408719346049,0.07901907356948229,0.1907356948228883,0.6267029972752044,0.02452316076294278,0.04087193460490463,0.0,0.03814713896457766,0.02997275204359673,0.11989100817438691,False,True
2711054500,27110,중구,삼덕동,47,53,32,40,33,36,35,276,132,144,105.0,63.0,3.0,45.0,41.0,1.0,60.0,22.0,2.0,60.0,2.0,45.0,1.0,0.3804347826086957,0.6,0.2282608695652173,0.5714285714285714,0.9166666666666666,이중취약,5072,195.0,155.0,0.0,111.0,11.0,52.0,10.0,4.0,0.0,7.0,111.0,11.0,4586,148.0,123.0,0.0,88.0,13.0,35.0,14.0,7.0,0.0,6.0,71.0,15.0,486,47.0,32.0,0.7065217391304348,0.5362318840579711,0.1702898550724637,1.2427536231884058,0.7589743589743589,0.05641025641025641,0.26666666666666666,0.5692307692307692,0.05128205128205128,0.035897435897435895,0.0,0.020512820512820513,0.05641025641025641,0.20512820512820518,False,True
2711056500,27110,중구,성내1동,18,7,12,10,7,12,14,80,37,43,238.0,218.0,2.0,0.0,0.0,0.0,238.0,218.0,2.0,60.0,1.0,178.0,1.0,2.975,0.9159663865546218,2.725,0.2521008403361344,0.8604651162790697,양호,4591,53.0,42.0,0.0,21.0,4.0,16.0,8.0,7.0,0.0,1.0,17.0,4.0,4169,45.0,34.0,0.0,16.0,8.0,10.0,3.0,3.0,0.0,4.0,21.0,4.0,422,8.0,8.0,0.6625,0.5625,0.1,1.225,0.8490566037735849,0.07547169811320754,0.3018867924528302,0.320754716981132,0.1509433962264151,0.018867924528301886,0.0,0.1320754716981132,0.07547169811320754,0.2075471698113207,True,False
2711057500,27110,중구,성내2동,77,74,58,56,78,52,85,480,209,271,306.0,260.0,4.0,20.0,20.0,1.0,286.0,240.0,3.0,36.0,1.0,270.0,3.0,0.6375,0.8496732026143791,0.5416666666666666,0.1176470588235294,0.7712177121771218,물리적부족,6253,399.0,350.0,1.0,201.0,8.0,58.0,10.0,8.0,0.0,11.0,249.0,63.0,3980,136.0,94.0,0.0,66.0,19.0,36.0,4.0,9.0,0.0,2.0,73.0,12.0,2273,263.0,256.0,0.83125,0.2833333333333333,0.5479166666666667,1.1145833333333333,0.3408521303258145,0.15789473684210525,0.14536340852130325,0.6240601503759399,0.02506265664160401,0.02756892230576441,0.0,0.020050125313283207,0.020050125313283207,0.1228070175438597,False,True
2711058500,27110,중구,성내3동,242,252,212,210,225,182,222,1545,706,839,372.0,348.0,6.0,312.0,289.0,5.0,60.0,59.0,1.0,217.0,4.0,155.0,2.0,0.2407766990291262,0.935483870967742,0.2252427184466019,0.5833333333333334,0.8414779499404053,물리적부족,7441,1259.0,1130.0,0.0,643.0,17.0,99.0,16.0,16.0,0.0,29.0,1084.0,15.0,3276,409.0,319.0,0.0,162.0,58.0,89.0,16.0,27.0,1.0,13.0,232.0,31.0,4165,850.0,811.0,0.8148867313915857,0.26472491909385115,0.5501618122977346,1.079611650485437,0.32486100079428115,0.011914217633042097,0.07863383637807785,0.8610007942811755,0.012708498808578236,0.023034154090548053,0.0,0.012708498808578236,0.013502779984114376,0.102462271644162,False,True
2711059500,27110,중구,대신동,67,73,49,51,49,63,45,397,189,208,397.0,310.0,5.0,157.0,132.0,4.0,240.0,178.0,1.0,43.0,1.0,354.0,4.0,1.0,0.7808564231738035,0.7808564231738035,0.1083123425692695,0.908653846153846,양호,2362,228.0,181.0,0.0,123.0,22.0,63.0,14.0,7.0,0.0,12.0,114.0,18.0,2308,294.0,249.0,0.0,145.0,24.0,51.0,27.0,6.0,0.0,20.0,168.0,22.0,54,-66.0,-68.0,0.5743073047858942,0.7405541561712846,-0.1662468513853904,1.314861460957179,1.2894736842105263,0.07894736842105263,0.27631578947368424,0.5,0.06140350877192982,0.05263157894736842,0.0,0.03070175438596491,0.09649122807017543,0.20614035087719296,False,True
2711064000,27110,중구,남산1동,25,19,26,35,37,40,33,215,70,145,87.0,50.0,2.0,87.0,50.0,2.0,0.0,0.0,0.0,0.0,0.0,87.0,2.0,0.4046511627906977,0.5747126436781609,0.2325581395348837,0.0,0.4827586206896552,이중취약,2582,173.0,152.0,0.0,78.0,5.0,21.0,7.0,1.0,0.0,8.0,119.0,17.0,2376,74.0,55.0,0.0,31.0,7.0,20.0,8.0,2.0,0.0,2.0,35.0,7.0,206,99.0,97.0,0.8046511627906977,0.34418604651162793,0.4604651162790698,1.1488372093023256,0.4277456647398844,0.09826589595375723,0.12138728323699421,0.6878612716763006,0.04046242774566474,0.046242774566473986,0.0,0.005780346820809248,0.028901734104046242,0.12138728323699421,False,True
2711065000,27110,중구,남산2동,83,98,80,50,60,57,77,505,261,244,450.0,312.0,5.0,260.0,227.0,4.0,190.0,85.0,1.0,80.0,2.0,370.0,3.0,0.8910891089108911,0.6933333333333334,0.6178217821782178,0.1777777777777777,1.069672131147541,물리적부족,3135,303.0,241.0,0.0,166.0,13.0,48.0,8.0,7.0,0.0,9.0,217.0,14.0,2836,284.0,239.0,0.0,159.0,20.0,47.0,23.0,15.0,0.0,14.0,158.0,27.0,299,19.0,2.0,0.6,0.5623762376237624,0.0376237623762376,1.1623762376237623,0.9372937293729373,0.0462046204620462,0.15841584158415842,0.7161716171617162,0.026402640264026403,0.0297029702970297,0.0,0.0231023102310231,0.0429042904290429,0.20462046204620465,False,True
2711066000,27110,중구,남산3동,29,31,24,24,24,24,19,175,84,91,418.0,393.0,3.0,282.0,270.0,2.0,136.0,123.0,1.0,0.0,0.0,418.0,3.0,2.388571428571429,0.9401913875598086,2.2457142857142856,0.0,0.9230769230769232,양호,1623,88.0,70.0,0.0,46.0,5.0,19.0,9.0,4.0,0.0,5.0,41.0,10.0,1836,148.0,125.0,0.0,65.0,10.0,29.0,10.0,5.0,0.0,3.0,92.0,9.0,-213,-60.0,-55.0,0.5028571428571429,0.8457142857142858,-0.3428571428571428,1.3485714285714283,1.6818181818181819,0.11363636363636363,0.2159090909090909,0.4659090909090909,0.10227272727272728,0.056818181818181816,0.0,0.045454545454545456,0.056818181818181816,0.20454545454545459,False,True
2711067000,27110,중구,남산4동,138,119,139,122,117,100,126,861,396,465,601.0,491.0,9.0,441.0,392.0,8.0,160.0,99.0,1.0,319.0,6.0,282.0,3.0,0.6980255516840883,0.8169717138103162,0.570267131242741,0.5307820299500832,0.8516129032258064,물리적부족,5335,723.0,595.0,0.0,341.0,41.0,168.0,58.0,25.0,0.0,42.0,380.0,50.0,4447,591.0,444.0,0.0,280.0,74.0,135.0,42.0,30.0,4.0,37.0,300.0,43.0,888,132.0,151.0,0.8397212543554007,0.686411149825784,0.1533101045296167,1.5261324041811846,0.8174273858921162,0.06915629322268327,0.23236514522821577,0.5255878284923928,0.08022130013831259,0.058091286307053944,0.0,0.034578146611341634,0.056708160442600276,0.1770401106500692,False,True
2711068000,27110,중구,대봉1동,49,32,35,41,50,51,57,315,116,199,108.0,93.0,3.0,108.0,93.0,3.0,0.0,0.0,0.0,59.0,2.0,49.0,1.0,0.3428571428571428,0.8611111111111112,0.2952380952380952,0.5462962962962963,0.5829145728643216,물리적부족,2596,179.0,130.0,1.0,73.0,16.0,57.0,25.0,6.0,0.0,7.0,63.0,21.0,2671,169.0,131.0,2.0,90.0,19.0,48.0,11.0,7.0,0.0,10.0,81.0,12.0,-75,10.0,-1.0,0.5682539682539682,0.5365079365079365,0.0317460317460317,1.1047619047619048,0.9441340782122905,0.11731843575418995,0.31843575418994413,0.3519553072625698,0.13966480446927373,0.03910614525139665,0.0,0.0335195530726257,0.0893854748603352,0.2737430167597765,False,True
2711069000,27110,중구,대봉2동,82,69,58,48,43,46,52,398,209,189,124.0,121.0,3.0,124.0,121.0,3.0,0.0,0.0,0.0,124.0,3.0,0.0,0.0,0.3115577889447236,0.9758064516129032,0.3040201005025125,1.0,1.1058201058201058,물리적부족,2085,181.0,146.0,0.0,110.0,8.0,41.0,10.0,3.0,0.0,7.0,112.0,8.0,1558,147.0,117.0,0.0,87.0,14.0,34.0,9.0,7.0,1.0,13.0,71.0,12.0,527,34.0,29.0,0.4547738693467337,0.3693467336683417,0.0854271356783919,0.8241206030150754,0.8121546961325967,0.04419889502762431,0.2265193370165746,0.6187845303867403,0.055248618784530384,0.03867403314917127,0.0,0.016574585635359115,0.04419889502762431,0.1933701657458563,False,True
2714051000,27140,동구,신암1동,78,81,69,75,92,81,80,556,228,328,516.0,157.0,5.0,186.0,139.0,4.0,330.0,18.0,1.0,52.0,1.0,464.0,4.0,0.9280575539568344,0.3042635658914728,0.2823741007194245,0.1007751937984496,0.6951219512195121,이중취약,3995,434.0,369.0,2.0,214.0,20.0,83.0,21.0,7.0,0.0,20.0,280.0,23.0,3176,219.0,171.0,0.0,108.0,25.0,48.0,14.0,10.0,0.0,12.0,119.0,16.0,819,215.0,198.0,0.7805755395683454,0.39388489208633093,0.3866906474820143,1.1744604316546765,0.5046082949308756,0.052995391705069124,0.1912442396313364,0.6451612903225806,0.04838709677419355,0.04608294930875576,0.0,0.016129032258064516,0.04608294930875576,0.14976958525345618,False,True
2714052000,27140,동구,신암2동,83,88,80,89,85,87,103,615,251,364,551.0,450.0,8.0,331.0,255.0,6.0,220.0,195.0,2.0,98.0,2.0,453.0,6.0,0.8959349593495934,0.8166969147005445,0.7317073170731707,0.1778584392014519,0.6895604395604396,물리적부족,3348,439.0,358.0,1.0,218.0,22.0,82.0,31.0,16.0,1.0,22.0,268.0,19.0,2641,294.0,246.0,2.0,153.0,27.0,53.0,14.0,15.0,1.0,17.0,178.0,16.0,707,145.0,112.0,0.7138211382113822,0.47804878048780486,0.2357723577235772,1.191869918699187,0.6697038724373576,0.04328018223234624,0.1867881548974943,0.6104783599088838,0.07061503416856492,0.05011389521640091,0.002277904328018223,0.03644646924829157,0.05011389521640091,0.18451025056947612,False,True
2714053000,27140,동구,신암3동,156,141,131,106,108,97,92,831,428,403,665.0,553.0,10.0,372.0,290.0,7.0,293.0,263.0,3.0,202.0,4.0,463.0,6.0,0.8002406738868832,0.8315789473684211,0.6654632972322503,0.3037593984962406,1.0620347394540943,물리적부족,4001,426.0,332.0,1.0,278.0,31.0,106.0,18.0,9.0,1.0,21.0,238.0,33.0,3906,500.0,417.0,2.0,263.0,46.0,98.0,30.0,19.0,0.0,30.0,283.0,40.0,95,-74.0,-85.0,0.5126353790613718,0.601684717208183,-0.089049338146811,1.1143200962695547,1.1737089201877935,0.07746478873239436,0.24882629107981222,0.5586854460093896,0.04225352112676056,0.04929577464788732,0.002347417840375587,0.02112676056338028,0.07276995305164319,0.22065727699530513,False,True
2714054000,27140,동구,신암4동,202,198,154,123,108,93,84,962,554,408,402.0,303.0,7.0,384.0,293.0,6.0,18.0,10.0,1.0,241.0,5.0,161.0,2.0,0.4178794178794179,0.753731343283582,0.3149688149688149,0.599502487562189,1.357843137254902,물리적부족,9959,756.0,648.0,2.0,473.0,29.0,166.0,15.0,21.0,0.0,29.0,478.0,47.0,6180,304.0,215.0,0.0,174.0,46.0,60.0,30.0,17.0,2.0,15.0,144.0,36.0,3779,452.0,433.0,0.7858627858627859,0.316008316008316,0.4698544698544699,1.1018711018711018,0.4021164021164021,0.062169312169312166,0.21957671957671956,0.6322751322751323,0.01984126984126984,0.03835978835978836,0.0,0.027777777777777776,0.03835978835978836,0.1428571428571429,False,True
2714054100,27140,동구,신암5동,45,36,36,44,28,34,26,249,117,132,369.0,257.0,5.0,369.0,257.0,5.0,0.0,0.0,0.0,145.0,2.0,224.0,3.0,1.4819277108433735,0.6964769647696477,1.0321285140562249,0.3929539295392953,0.8863636363636364,양호,2845,279.0,241.0,0.0,127.0,12.0,48.0,15.0,15.0,1.0,8.0,170.0,22.0,2244,126.0,99.0,0.0,61.0,21.0,30.0,5.0,13.0,0.0,8.0,56.0,14.0,601,153.0,142.0,1.120481927710843,0.5060240963855421,0.6144578313253012,1.6265060240963856,0.45161290322580644,0.07885304659498207,0.17204301075268819,0.6093189964157706,0.053763440860215055,0.02867383512544803,0.0035842293906810036,0.053763440860215055,0.043010752688172046,0.1362007168458781,False,True
2714055500,27140,동구,신천1.2동,27,21,22,20,31,20,35,176,70,106,183.0,42.0,4.0,183.0,42.0,4.0,0.0,0.0,0.0,0.0,0.0,183.0,4.0,1.0397727272727273,0.2295081967213114,0.2386363636363636,0.0,0.660377358490566,질적미스매치,2769,84.0,47.0,0.0,40.0,25.0,18.0,20.0,6.0,0.0,10.0,25.0,5.0,3313,205.0,175.0,0.0,102.0,13.0,33.0,20.0,7.0,0.0,15.0,117.0,13.0,-544,-121.0,-128.0,0.4772727272727273,1.1647727272727273,-0.6875,1.6420454545454546,2.4404761904761907,0.05952380952380952,0.21428571428571427,0.2976190476190476,0.23809523809523808,0.11904761904761904,0.0,0.07142857142857142,0.2976190476190476,0.44047619047619047,False,True
2714057000,27140,동구,신천3동,127,129,108,94,101,92,100,751,364,387,532.0,381.0,8.0,428.0,298.0,7.0,104.0,83.0,1.0,256.0,4.0,276.0,4.0,0.7083888149134487,0.7161654135338346,0.507323568575233,0.4812030075187969,0.9405684754521964,물리적부족,4535,359.0,268.0,1.0,201.0,31.0,91.0,25.0,11.0,1.0,22.0,166.0,43.0,4654,443.0,360.0,2.0,219.0,36.0,83.0,36.0,23.0,2.0,35.0,232.0,32.0,-119,-84.0,-92.0,0.4780292942743009,0.5898801597869507,-0.1118508655126498,1.0679094540612517,1.233983286908078,0.11977715877437325,0.25348189415041783,0.4623955431754875,0.06963788300835655,0.06128133704735376,0.002785515320334262,0.03064066852367688,0.08635097493036212,0.2534818941504178,False,True
2714058000,27140,동구,신천4동,147,114,80,88,69,87,84,669,341,328,137.0,120.0,3.0,97.0,97.0,2.0,40.0,23.0,1.0,137.0,3.0,0.0,0.0,0.2047832585949177,0.8759124087591241,0.179372197309417,1.0,1.0396341463414631,물리적부족,6337,379.0,318.0,0.0,187.0,14.0,75.0,16.0,11.0,0.0,14.0,243.0,20.0,4853,132.0,94.0,1.0,68.0,18.0,38.0,7.0,11.0,0.0,6.0,57.0,13.0,1484,247.0,224.0,0.5665171898355755,0.19730941704035873,0.3692077727952167,0.7638266068759342,0.3482849604221636,0.052770448548812667,0.19788918205804748,0.6411609498680739,0.04221635883905013,0.036939313984168866,0.0,0.029023746701846966,0.036939313984168866,0.16094986807387868,False,True
2714059000,27140,동구,효목1동,15,14,15,14,14,18,32,122,44,78,366.0,215.0,4.0,198.0,130.0,3.0,168.0,85.0,1.0,150.0,2.0,216.0,2.0,3.0,0.587431693989071,1.7622950819672132,0.4098360655737705,0.5641025641025641,질적미스매치,2961,88.0,50.0,0.0,37.0,22.0,22.0,9.0,17.0,0.0,6.0,26.0,8.0,3792,144.0,104.0,0.0,63.0,16.0,39.0,18.0,12.0,0.0,7.0,62.0,6.0,-831,-56.0,-54.0,0.7213114754098361,1.180327868852459,-0.4590163934426229,1.901639344262295,1.6363636363636365,0.09090909090909091,0.25,0.2954545454545454,0.10227272727272728,0.06818181818181818,0.0,0.19318181818181818,0.25,0.43181818181818177,False,True
2714060000,27140,동구,효목2동,85,80,66,63,67,64,52,477,231,246,319.0,134.0,6.0,319.0,134.0,6.0,0.0,0.0,0.0,123.0,3.0,196.0,3.0,0.6687631027253669,0.4200626959247649,0.2809224318658281,0.3855799373040752,0.9390243902439024,이중취약,5187,356.0,286.0,0.0,194.0,31.0,83.0,16.0,15.0,0.0,16.0,207.0,19.0,4444,243.0,185.0,0.0,122.0,27.0,64.0,18.0,3.0,2.0,13.0,119.0,24.0,743,113.0,101.0,0.7463312368972747,0.5094339622641509,0.2368972746331236,1.2557651991614256,0.6825842696629213,0.05337078651685393,0.23314606741573032,0.5814606741573034,0.0449438202247191,0.0449438202247191,0.0,0.042134831460674156,0.08707865168539326,0.1966292134831461,False,True
2714061500,27140,동구,도평동,6,6,8,6,8,7,7,48,20,28,0.0,0.0,0.0,0.0,0.0,0.0,0.0,0.0,0.0,0.0,0.0,0.0,0.0,0.0,,0.0,,0.7142857142857143,판정불가,1218,34.0,28.0,0.0,22.0,2.0,6.0,1.0,1.0,0.0,1.0,6.0,19.0,1352,69.0,64.0,0.0,28.0,3.0,9.0,2.0,3.0,0.0,2.0,25.0,28.0,-134,-35.0,-36.0,0.7083333333333334,1.4375,-0.7291666666666666,2.145833333333333,2.0294117647058822,0.5588235294117647,0.17647058823529413,0.1764705882352941,0.029411764705882353,0.029411764705882353,0.0,0.029411764705882353,0.058823529411764705,0.17647058823529416,True,False
2714062000,27140,동구,불로.봉무동,83,81,74,81,101,112,142,674,238,436,1026.0,712.0,11.0,240.0,122.0,6.0,786.0,590.0,5.0,117.0,3.0,909.0,8.0,1.5222551928783383,0.6939571150097466,1.056379821958457,0.1140350877192982,0.5458715596330275,양호,4986,426.0,311.0,0.0,185.0,51.0,121.0,39.0,13.0,0.0,24.0,182.0,47.0,5642,416.0,320.0,0.0,164.0,46.0,104.0,39.0,16.0,0.0,25.0,201.0,31.0,-656,10.0,-9.0,0.6320474777448071,0.6172106824925816,0.0148367952522255,1.249258160237389,0.9765258215962441,0.11032863849765258,0.284037558685446,0.4272300469483568,0.09154929577464789,0.056338028169014086,0.0,0.03051643192488263,0.11971830985915492,0.2699530516431925,False,True
2714064000,27140,동구,지저동,23,23,19,28,31,31,39,194,65,129,217.0,73.0,3.0,169.0,39.0,2.0,48.0,34.0,1.0,48.0,1.0,169.0,2.0,1.118556701030928,0.336405529953917,0.3762886597938144,0.2211981566820276,0.5038759689922481,질적미스매치,2782,85.0,51.0,0.0,40.0,18.0,34.0,6.0,8.0,0.0,3.0,30.0,4.0,3544,173.0,134.0,2.0,73.0,14.0,40.0,16.0,7.0,0.0,12.0,86.0,12.0,-762,-88.0,-83.0,0.4381443298969072,0.8917525773195877,-0.4536082474226804,1.3298969072164948,2.0352941176470587,0.047058823529411764,0.4,0.3529411764705882,0.07058823529411765,0.03529411764705882,0.0,0.09411764705882353,0.21176470588235294,0.4,False,True
2714065500,27140,동구,동촌동,25,33,33,37,33,43,57,261,91,170,402.0,214.0,7.0,280.0,148.0,6.0,122.0,66.0,1.0,40.0,1.0,362.0,6.0,1.5402298850574712,0.5323383084577115,0.8199233716475096,0.099502487562189,0.5352941176470588,질적미스매치,4014,164.0,95.0,0.0,68.0,36.0,58.0,11.0,27.0,0.0,7.0,48.0,13.0,4614,240.0,184.0,0.0,108.0,18.0,54.0,19.0,24.0,1.0,13.0,103.0,26.0,-600,-76.0,-89.0,0.6283524904214559,0.9195402298850575,-0.2911877394636015,1.5478927203065134,1.4634146341463414,0.07926829268292683,0.35365853658536583,0.2926829268292683,0.06707317073170732,0.042682926829268296,0.0,0.16463414634146342,0.21951219512195122,0.4207317073170732,False,True
2714067000,27140,동구,방촌동,39,39,39,33,35,44,44,273,117,156,547.0,216.0,6.0,211.0,82.0,4.0,336.0,134.0,2.0,0.0,0.0,547.0,6.0,2.003663003663004,0.3948811700182815,0.7912087912087912,0.0,0.75,질적미스매치,3679,176.0,102.0,0.0,62.0,38.0,65.0,20.0,15.0,1.0,5.0,49.0,21.0,4459,232.0,168.0,0.0,74.0,23.0,55.0,25.0,16.0,0.0,12.0,108.0,16.0,-780,-56.0,-66.0,0.6446886446886447,0.8498168498168498,-0.2051282051282051,1.4945054945054943,1.3181818181818181,0.11931818181818182,0.3693181818181818,0.2784090909090909,0.11363636363636363,0.028409090909090908,0.005681818181818182,0.08522727272727272,0.2159090909090909,0.4204545454545454,False,True
2714068500,27140,동구,해안동,32,39,27,36,36,38,36,244,98,146,218.0,90.0,3.0,218.0,90.0,3.0,0.0,0.0,0.0,0.0,0.0,218.0,3.0,0.8934426229508197,0.4128440366972477,0.3688524590163934,0.0,0.6712328767123288,이중취약,3228,152.0,94.0,0.0,77.0,24.0,55.0,6.0,13.0,0.0,10.0,28.0,40.0,3921,242.0,180.0,0.0,129.0,17.0,64.0,13.0,15.0,1.0,11.0,77.0,61.0,-693,-90.0,-86.0,0.6229508196721312,0.9918032786885246,-0.3688524590163934,1.6147540983606556,1.5921052631578947,0.2631578947368421,0.3618421052631579,0.1842105263157894,0.039473684210526314,0.06578947368421052,0.0,0.08552631578947369,0.15789473684210525,0.381578947368421,False,True
2714072000,27140,동구,안심1동,118,125,106,143,142,203,188,1025,349,676,1445.0,779.0,21.0,1071.0,501.0,19.0,374.0,278.0,2.0,440.0,8.0,1005.0,13.0,1.4097560975609755,0.5391003460207613,0.76,0.3044982698961938,0.5162721893491125,질적미스매치,10954,655.0,481.0,1.0,259.0,61.0,158.0,23.0,33.0,1.0,10.0,374.0,56.0,12534,797.0,640.0,2.0,309.0,59.0,175.0,56.0,36.0,2.0,18.0,422.0,88.0,-1580,-142.0,-159.0,0.6390243902439025,0.7775609756097561,-0.1385365853658536,1.4165853658536585,1.216793893129771,0.08549618320610687,0.24122137404580152,0.5709923664122137,0.035114503816793895,0.015267175572519083,0.0015267175572519084,0.050381679389312976,0.09312977099236641,0.2656488549618321,False,True
2714073000,27140,동구,안심2동,169,141,123,132,110,109,100,884,433,451,804.0,457.0,8.0,264.0,209.0,6.0,540.0,248.0,2.0,171.0,3.0,633.0,5.0,0.9095022624434388,0.568407960199005,0.5169683257918553,0.2126865671641791,0.9600886917960088,이중취약,6331,578.0,465.0,0.0,332.0,43.0,106.0,16.0,97.0,0.0,19.0,307.0,33.0,3817,309.0,234.0,0.0,147.0,35.0,72.0,26.0,19.0,0.0,17.0,136.0,39.0,2514,269.0,231.0,0.6538461538461539,0.3495475113122172,0.3042986425339366,1.003393665158371,0.5346020761245674,0.05709342560553633,0.18339100346020762,0.5311418685121108,0.02768166089965398,0.0328719723183391,0.0,0.16782006920415224,0.07439446366782007,0.19550173010380623,False,True
2714074200,27140,동구,안심3동,142,101,95,105,100,126,148,817,338,479,777.0,419.0,14.0,309.0,177.0,10.0,468.0,242.0,4.0,202.0,5.0,575.0,9.0,0.9510403916768666,0.5392535392535392,0.5128518971848225,0.25997425997426,0.7056367432150313,이중취약,5459,439.0,318.0,1.0,227.0,32.0,126.0,20.0,12.0,0.0,16.0,213.0,52.0,6022,644.0,551.0,1.0,328.0,41.0,90.0,31.0,24.0,3.0,13.0,428.0,55.0,-563,-205.0,-233.0,0.5373317013463892,0.7882496940024479,-0.2509179926560587,1.3255813953488371,1.4669703872437359,0.11845102505694761,0.2870159453302961,0.4851936218678815,0.04555808656036447,0.03644646924829157,0.0,0.02733485193621868,0.07289293849658314,0.27562642369020496,False,True
2714074700,27140,동구,안심4동,94,98,103,107,130,148,135,815,295,520,1440.0,745.0,18.0,878.0,342.0,15.0,562.0,403.0,3.0,30.0,1.0,1410.0,17.0,1.7668711656441718,0.5173611111111112,0.9141104294478528,0.0208333333333333,0.5673076923076923,질적미스매치,7226,368.0,248.0,0.0,177.0,50.0,121.0,29.0,15.0,1.0,18.0,138.0,46.0,8110,605.0,498.0,0.0,277.0,49.0,124.0,45.0,46.0,2.0,18.0,326.0,44.0,-884,-237.0,-250.0,0.4515337423312883,0.7423312883435583,-0.2907975460122699,1.1938650306748466,1.6440217391304348,0.125,0.328804347826087,0.375,0.07880434782608696,0.04891304347826087,0.002717391304347826,0.04076086956521739,0.1358695652173913,0.32608695652173914,False,True
2714075500,27140,동구,혁신동,84,88,96,119,122,168,178,855,268,587,1194.0,735.0,17.0,707.0,357.0,14.0,487.0,378.0,3.0,363.0,6.0,831.0,11.0,1.3964912280701751,0.6155778894472361,0.8596491228070176,0.3040201005025125,0.4565587734241908,질적미스매치,5636,486.0,370.0,0.0,218.0,15.0,123.0,37.0,25.0,5.0,17.0,203.0,76.0,6395,649.0,536.0,1.0,299.0,48.0,106.0,40.0,34.0,4.0,34.0,374.0,57.0,-759,-163.0,-166.0,0.5684210526315789,0.7590643274853801,-0.1906432748538011,1.327485380116959,1.3353909465020577,0.15637860082304528,0.25308641975308643,0.4176954732510288,0.07613168724279835,0.03497942386831276,0.0102880658436214,0.051440329218107,0.030864197530864196,0.23868312757201648,False,True
2714076000,27140,동구,공산동,88,78,82,88,92,92,101,621,248,373,722.0,382.0,8.0,214.0,165.0,5.0,508.0,217.0,3.0,394.0,6.0,328.0,2.0,1.1626409017713366,0.5290858725761773,0.6151368760064412,0.5457063711911357,0.6648793565683646,질적미스매치,4287,238.0,167.0,0.0,105.0,37.0,74.0,21.0,16.0,4.0,15.0,86.0,22.0,4973,395.0,328.0,1.0,200.0,26.0,90.0,27.0,23.0,3.0,24.0,188.0,40.0,-686,-157.0,-161.0,0.3832528180354267,0.6360708534621579,-0.2528180354267311,1.0193236714975846,1.6596638655462186,0.09243697478991597,0.31092436974789917,0.361344537815126,0.08823529411764706,0.06302521008403361,0.01680672268907563,0.06722689075630252,0.15546218487394958,0.2983193277310925,False,True
2717051000,27170,서구,내당1동,122,138,98,84,98,88,103,731,358,373,358.0,318.0,5.0,180.0,147.0,4.0,178.0,171.0,1.0,150.0,3.0,208.0,2.0,0.4897400820793434,0.888268156424581,0.4350205198358413,0.4189944134078212,0.9597855227882036,물리적부족,5090,409.0,333.0,0.0,225.0,45.0,100.0,18.0,10.0,0.0,16.0,245.0,20.0,3371,183.0,145.0,0.0,95.0,26.0,45.0,8.0,15.0,0.0,8.0,88.0,19.0,1719,226.0,188.0,0.5595075239398085,0.2503419972640219,0.3091655266757866,0.8098495212038304,0.4474327628361858,0.0488997555012225,0.24449877750611246,0.5990220048899756,0.044009779951100246,0.039119804400977995,0.0,0.02444987775061125,0.1100244498777506,0.18581907090464544,False,True
2717052500,27170,서구,내당2.3동,8,16,11,13,13,12,16,89,35,54,185.0,169.0,3.0,47.0,44.0,1.0,138.0,125.0,2.0,65.0,2.0,120.0,1.0,2.0786516853932584,0.9135135135135136,1.898876404494382,0.3513513513513513,0.6481481481481481,양호,1835,52.0,30.0,0.0,25.0,18.0,23.0,6.0,3.0,0.0,3.0,11.0,6.0,2476,83.0,62.0,0.0,39.0,13.0,17.0,8.0,6.0,1.0,6.0,38.0,7.0,-641,-31.0,-32.0,0.5842696629213483,0.9325842696629213,-0.348314606741573,1.5168539325842696,1.5961538461538463,0.11538461538461539,0.4423076923076923,0.2115384615384615,0.11538461538461539,0.057692307692307696,0.0,0.057692307692307696,0.34615384615384615,0.42307692307692313,True,False
2717054000,27170,서구,내당4동,20,19,13,23,20,22,29,146,52,94,262.0,135.0,2.0,62.0,32.0,1.0,200.0,103.0,1.0,0.0,0.0,262.0,2.0,1.7945205479452055,0.5152671755725191,0.9246575342465754,0.0,0.5531914893617021,질적미스매치,4260,126.0,76.0,0.0,47.0,32.0,38.0,4.0,5.0,0.0,2.0,71.0,6.0,5133,197.0,161.0,1.0,93.0,19.0,41.0,11.0,11.0,0.0,7.0,115.0,12.0,-873,-71.0,-85.0,0.863013698630137,1.3493150684931507,-0.4863013698630137,2.212328767123288,1.5634920634920635,0.047619047619047616,0.30158730158730157,0.5634920634920635,0.031746031746031744,0.015873015873015872,0.0,0.03968253968253968,0.25396825396825395,0.39682539682539686,False,True
2717055000,27170,서구,비산1동,9,10,9,10,8,18,13,77,28,49,141.0,60.0,3.0,123.0,57.0,2.0,18.0,3.0,1.0,73.0,2.0,68.0,1.0,1.8311688311688312,0.425531914893617,0.7792207792207793,0.5177304964539007,0.5714285714285714,질적미스매치,1631,55.0,38.0,0.0,21.0,12.0,14.0,1.0,2.0,0.0,1.0,37.0,0.0,2356,76.0,66.0,0.0,24.0,3.0,21.0,4.0,4.0,0.0,5.0,37.0,5.0,-725,-21.0,-28.0,0.7142857142857143,0.987012987012987,-0.2727272727272727,1.7012987012987013,1.3818181818181818,0.0,0.2545454545454545,0.6727272727272727,0.01818181818181818,0.01818181818181818,0.0,0.03636363636363636,0.21818181818181817,0.3090909090909091,True,False
2717056500,27170,서구,비산2.3동,5,5,4,7,5,9,12,47,14,33,156.0,89.0,2.0,138.0,83.0,1.0,18.0,6.0,1.0,18.0,1.0,138.0,1.0,3.3191489361702127,0.5705128205128205,1.893617021276596,0.1153846153846153,0.4242424242424242,질적미스매치,1759,41.0,25.0,0.0,8.0,9.0,9.0,4.0,7.0,0.0,1.0,15.0,5.0,2291,58.0,43.0,0.0,15.0,5.0,15.0,1.0,5.0,0.0,6.0,27.0,4.0,-532,-17.0,-18.0,0.8723404255319149,1.2340425531914894,-0.3617021276595745,2.106382978723404,1.4146341463414633,0.12195121951219512,0.21951219512195122,0.3658536585365853,0.0975609756097561,0.024390243902439025,0.0,0.17073170731707318,0.21951219512195122,0.3902439024390244,True,False
2717058000,27170,서구,비산4동,6,4,11,8,11,9,14,63,21,42,153.0,97.0,3.0,73.0,49.0,2.0,80.0,48.0,1.0,54.0,1.0,99.0,2.0,2.4285714285714284,0.6339869281045751,1.5396825396825398,0.3529411764705882,0.5,질적미스매치,1523,50.0,29.0,0.0,9.0,11.0,19.0,6.0,7.0,0.0,2.0,13.0,3.0,2150,73.0,52.0,0.0,25.0,12.0,23.0,6.0,5.0,0.0,3.0,32.0,4.0,-627,-23.0,-23.0,0.7936507936507936,1.1587301587301588,-0.365079365079365,1.9523809523809523,1.46,0.06,0.38,0.26,0.12,0.04,0.0,0.14,0.22,0.42000000000000004,True,False
2717059000,27170,서구,비산5동,6,7,5,4,3,8,9,42,18,24,234.0,201.0,3.0,138.0,107.0,2.0,96.0,94.0,1.0,154.0,2.0,80.0,1.0,5.571428571428571,0.8589743589743589,4.785714285714286,0.6581196581196581,0.75,양호,1223,46.0,36.0,0.0,12.0,4.0,11.0,4.0,5.0,0.0,1.0,21.0,4.0,1741,63.0,52.0,0.0,21.0,3.0,17.0,3.0,5.0,0.0,2.0,30.0,6.0,-518,-17.0,-16.0,1.0952380952380951,1.5,-0.4047619047619047,2.595238095238096,1.3695652173913044,0.08695652173913043,0.2391304347826087,0.4565217391304347,0.08695652173913043,0.021739130434782608,0.0,0.10869565217391304,0.08695652173913043,0.21739130434782605,True,False
2717060000,27170,서구,비산6동,4,10,3,8,6,15,12,58,17,41,0.0,0.0,0.0,0.0,0.0,0.0,0.0,0.0,0.0,0.0,0.0,0.0,0.0,0.0,,0.0,,0.4146341463414634,판정불가,1327,29.0,13.0,0.0,12.0,12.0,10.0,1.0,7.0,0.0,0.0,9.0,2.0,1770,49.0,35.0,0.0,23.0,6.0,17.0,2.0,2.0,0.0,1.0,21.0,6.0,-443,-20.0,-22.0,0.5,0.8448275862068966,-0.3448275862068966,1.3448275862068966,1.6896551724137931,0.06896551724137931,0.3448275862068966,0.3103448275862069,0.034482758620689655,0.0,0.0,0.2413793103448276,0.41379310344827586,0.5517241379310345,True,False
2717061000,27170,서구,비산7동,30,39,22,19,35,24,23,192,91,101,186.0,130.0,2.0,186.0,130.0,2.0,0.0,0.0,0.0,65.0,1.0,121.0,1.0,0.96875,0.6989247311827957,0.6770833333333334,0.3494623655913978,0.900990099009901,물리적부족,2514,120.0,91.0,0.0,55.0,13.0,32.0,4.0,6.0,0.0,1.0,64.0,13.0,3011,137.0,108.0,0.0,56.0,10.0,30.0,11.0,5.0,2.0,6.0,72.0,11.0,-497,-17.0,-17.0,0.625,0.7135416666666666,-0.0885416666666666,1.3385416666666667,1.1416666666666666,0.10833333333333334,0.26666666666666666,0.5333333333333333,0.03333333333333333,0.008333333333333333,0.0,0.05,0.10833333333333334,0.2416666666666667,False,True
2717062000,27170,서구,평리1동,4,8,7,8,15,11,18,71,19,52,120.0,119.0,1.0,120.0,119.0,1.0,0.0,0.0,0.0,120.0,1.0,0.0,0.0,1.6901408450704225,0.9916666666666668,1.676056338028169,1.0,0.3653846153846153,양호,1358,30.0,18.0,0.0,14.0,9.0,9.0,3.0,3.0,0.0,1.0,11.0,3.0,2046,73.0,65.0,1.0,33.0,6.0,12.0,3.0,6.0,1.0,5.0,39.0,7.0,-688,-43.0,-47.0,0.4225352112676056,1.028169014084507,-0.6056338028169014,1.4507042253521127,2.433333333333333,0.1,0.3,0.3666666666666666,0.1,0.03333333333333333,0.0,0.1,0.3,0.4,True,False
2717063000,27170,서구,평리2동,15,14,8,16,19,25,30,127,37,90,65.0,54.0,2.0,65.0,54.0,2.0,0.0,0.0,0.0,45.0,1.0,20.0,1.0,0.5118110236220472,0.8307692307692308,0.4251968503937008,0.6923076923076923,0.4111111111111111,물리적부족,1602,72.0,37.0,0.0,31.0,26.0,36.0,4.0,5.0,0.0,1.0,24.0,2.0,1990,98.0,78.0,0.0,34.0,7.0,31.0,10.0,7.0,0.0,6.0,38.0,6.0,-388,-26.0,-41.0,0.5669291338582677,0.7716535433070866,-0.2047244094488189,1.3385826771653544,1.3611111111111112,0.027777777777777776,0.5,0.3333333333333333,0.05555555555555555,0.013888888888888888,0.0,0.06944444444444445,0.3611111111111111,0.48611111111111116,False,True
2717064000,27170,서구,평리3동,87,77,70,69,63,64,68,498,234,264,419.0,320.0,6.0,271.0,200.0,4.0,148.0,120.0,2.0,112.0,2.0,307.0,4.0,0.8413654618473896,0.7637231503579952,0.642570281124498,0.2673031026252983,0.8863636363636364,물리적부족,4503,463.0,389.0,0.0,214.0,25.0,95.0,19.0,25.0,0.0,18.0,283.0,23.0,3409,186.0,116.0,0.0,78.0,38.0,56.0,9.0,23.0,1.0,6.0,77.0,14.0,1094,277.0,273.0,0.929718875502008,0.37349397590361444,0.5562248995983936,1.3032128514056225,0.4017278617710583,0.04967602591792657,0.20518358531317496,0.6112311015118791,0.04103671706263499,0.038876889848812095,0.0,0.05399568034557235,0.05399568034557235,0.15982721382289422,False,True
2717065000,27170,서구,평리4동,32,36,26,34,50,36,54,268,94,174,258.0,159.0,6.0,258.0,159.0,6.0,0.0,0.0,0.0,49.0,1.0,209.0,5.0,0.9626865671641792,0.6162790697674418,0.5932835820895522,0.189922480620155,0.5402298850574713,이중취약,4283,174.0,121.0,0.0,73.0,23.0,53.0,10.0,34.0,1.0,8.0,46.0,22.0,5168,274.0,228.0,0.0,107.0,22.0,53.0,29.0,21.0,0.0,20.0,134.0,17.0,-885,-100.0,-107.0,0.6492537313432836,1.0223880597014925,-0.373134328358209,1.671641791044776,1.5747126436781609,0.12643678160919541,0.3045977011494253,0.264367816091954,0.05747126436781609,0.04597701149425287,0.005747126436781609,0.19540229885057472,0.13218390804597702,0.3045977011494253,False,True
2717066000,27170,서구,평리5동,214,211,164,167,163,138,131,1188,589,599,288.0,241.0,6.0,228.0,215.0,5.0,60.0,26.0,1.0,252.0,5.0,36.0,1.0,0.2424242424242424,0.8368055555555556,0.2028619528619528,0.875,0.98330550918197,물리적부족,5638,876.0,769.0,1.0,501.0,30.0,111.0,13.0,14.0,0.0,6.0,719.0,13.0,1638,121.0,74.0,0.0,58.0,24.0,40.0,14.0,2.0,0.0,2.0,52.0,11.0,4000,755.0,695.0,0.7373737373737373,0.10185185185185185,0.6355218855218855,0.8392255892255892,0.13812785388127855,0.014840182648401826,0.1267123287671233,0.8207762557077626,0.014840182648401826,0.00684931506849315,0.0,0.01598173515981735,0.03424657534246575,0.1221461187214612,False,True
2717066100,27170,서구,평리6동,67,54,57,33,37,32,21,301,178,123,165.0,111.0,4.0,147.0,104.0,3.0,18.0,7.0,1.0,70.0,2.0,95.0,2.0,0.5481727574750831,0.6727272727272727,0.3687707641196013,0.4242424242424242,1.4471544715447155,물리적부족,3006,235.0,196.0,0.0,168.0,13.0,52.0,7.0,15.0,0.0,10.0,136.0,15.0,1919,140.0,98.0,0.0,103.0,23.0,26.0,2.0,20.0,0.0,11.0,67.0,14.0,1087,95.0,98.0,0.7807308970099668,0.46511627906976744,0.3156146179401993,1.2458471760797345,0.5957446808510638,0.06382978723404255,0.22127659574468084,0.5787234042553191,0.029787234042553193,0.0425531914893617,0.0,0.06382978723404255,0.05531914893617021,0.16595744680851066,False,True
2717067500,27170,서구,상중이동,40,29,35,27,33,44,51,259,104,155,687.0,566.0,11.0,645.0,555.0,9.0,42.0,11.0,2.0,194.0,4.0,493.0,7.0,2.6525096525096523,0.8238719068413392,2.1853281853281854,0.2823871906841339,0.6709677419354839,양호,3958,188.0,119.0,0.0,74.0,44.0,56.0,19.0,11.0,0.0,8.0,78.0,16.0,5160,249.0,192.0,0.0,122.0,26.0,74.0,11.0,16.0,0.0,14.0,125.0,9.0,-1202,-61.0,-73.0,0.7258687258687259,0.9613899613899614,-0.2355212355212355,1.6872586872586872,1.324468085106383,0.0851063829787234,0.2978723404255319,0.4148936170212766,0.10106382978723404,0.0425531914893617,0.0,0.05851063829787234,0.23404255319148937,0.3670212765957447,False,True
2717069500,27170,서구,원대동,71,49,46,42,42,38,49,337,166,171,707.0,232.0,4.0,227.0,195.0,3.0,480.0,37.0,1.0,631.0,3.0,76.0,1.0,2.0979228486646884,0.3281471004243281,0.6884272997032641,0.8925035360678925,0.9707602339181286,질적미스매치,4188,324.0,276.0,0.0,176.0,22.0,44.0,7.0,9.0,0.0,127.0,131.0,6.0,2746,138.0,94.0,0.0,63.0,23.0,39.0,8.0,15.0,1.0,15.0,54.0,6.0,1442,186.0,182.0,0.9614243323442137,0.4094955489614243,0.5519287833827893,1.370919881305638,0.42592592592592593,0.018518518518518517,0.13580246913580246,0.404320987654321,0.021604938271604937,0.39197530864197533,0.0,0.027777777777777776,0.06790123456790123,0.14814814814814814,False,True
2720051500,27200,남구,이천동,102,117,86,90,95,80,107,677,305,372,405.0,367.0,6.0,225.0,187.0,5.0,180.0,180.0,1.0,143.0,3.0,262.0,3.0,0.5982274741506647,0.9061728395061728,0.5420974889217134,0.3530864197530864,0.8198924731182796,물리적부족,4900,458.0,392.0,0.0,264.0,26.0,88.0,16.0,14.0,1.0,19.0,296.0,24.0,3447,194.0,154.0,0.0,90.0,21.0,48.0,8.0,16.0,0.0,8.0,102.0,12.0,1453,264.0,238.0,0.6765140324963073,0.2865583456425406,0.3899556868537666,0.9630723781388478,0.42358078602620086,0.05240174672489083,0.19213973799126638,0.6462882096069869,0.034934497816593885,0.04148471615720524,0.002183406113537118,0.03056768558951965,0.056768558951965066,0.14410480349344978,False,True
2720053000,27200,남구,봉덕1동,17,14,13,13,17,13,17,104,44,60,87.0,81.0,2.0,87.0,81.0,2.0,0.0,0.0,0.0,87.0,2.0,0.0,0.0,0.8365384615384616,0.9310344827586208,0.7788461538461539,1.0,0.7333333333333333,물리적부족,2727,73.0,49.0,1.0,37.0,9.0,29.0,2.0,8.0,0.0,3.0,19.0,12.0,3206,115.0,89.0,1.0,47.0,11.0,30.0,13.0,8.0,0.0,11.0,45.0,8.0,-479,-42.0,-40.0,0.7019230769230769,1.1057692307692308,-0.4038461538461538,1.807692307692308,1.5753424657534247,0.1643835616438356,0.3972602739726027,0.2602739726027397,0.0273972602739726,0.0410958904109589,0.0,0.1095890410958904,0.1232876712328767,0.3287671232876712,False,True
2720054000,27200,남구,봉덕2동,92,84,89,97,75,93,97,627,265,362,123.0,94.0,3.0,123.0,94.0,3.0,0.0,0.0,0.0,123.0,3.0,0.0,0.0,0.1961722488038277,0.7642276422764228,0.149920255183413,1.0,0.7320441988950276,물리적부족,4027,411.0,331.0,0.0,210.0,24.0,91.0,28.0,21.0,1.0,16.0,239.0,15.0,3575,321.0,233.0,0.0,143.0,43.0,74.0,33.0,17.0,2.0,21.0,148.0,26.0,452,90.0,98.0,0.6555023923444976,0.5119617224880383,0.1435406698564593,1.167464114832536,0.781021897810219,0.0364963503649635,0.22141119221411193,0.5815085158150851,0.0681265206812652,0.038929440389294405,0.0024330900243309003,0.051094890510948905,0.058394160583941604,0.194647201946472,False,True
2720055000,27200,남구,봉덕3동,22,39,34,30,38,39,52,254,95,159,744.0,642.0,7.0,228.0,163.0,3.0,516.0,479.0,4.0,71.0,2.0,673.0,5.0,2.9291338582677167,0.8629032258064516,2.52755905511811,0.0954301075268817,0.5974842767295597,양호,4468,190.0,118.0,0.0,84.0,38.0,65.0,28.0,14.0,1.0,15.0,47.0,20.0,5374,264.0,209.0,0.0,110.0,26.0,63.0,17.0,10.0,2.0,18.0,137.0,17.0,-906,-74.0,-91.0,0.7480314960629921,1.0393700787401574,-0.2913385826771653,1.7874015748031495,1.3894736842105264,0.10526315789473684,0.34210526315789475,0.2473684210526315,0.14736842105263157,0.07894736842105263,0.005263157894736842,0.07368421052631578,0.2,0.3789473684210526,False,True
2720056000,27200,남구,대명1동,17,14,14,11,21,21,23,121,45,76,451.0,84.0,4.0,251.0,64.0,3.0,200.0,20.0,1.0,0.0,0.0,451.0,4.0,3.727272727272727,0.1862527716186252,0.6942148760330579,0.0,0.5921052631578947,질적미스매치,3075,73.0,50.0,0.0,34.0,16.0,26.0,3.0,5.0,0.0,4.0,30.0,5.0,3828,125.0,103.0,0.0,64.0,13.0,25.0,12.0,8.0,0.0,8.0,66.0,6.0,-753,-52.0,-53.0,0.6033057851239669,1.0330578512396693,-0.4297520661157025,1.6363636363636365,1.7123287671232876,0.0684931506849315,0.3561643835616438,0.410958904109589,0.0410958904109589,0.0547945205479452,0.0,0.0684931506849315,0.2191780821917808,0.31506849315068497,False,True
2720057100,27200,남구,대명2동,140,105,82,65,76,71,77,616,327,289,266.0,254.0,3.0,70.0,60.0,2.0,196.0,194.0,1.0,248.0,2.0,18.0,1.0,0.4318181818181818,0.9548872180451128,0.4123376623376623,0.9323308270676692,1.1314878892733564,물리적부족,5694,126.0,84.0,0.0,61.0,17.0,39.0,8.0,15.0,0.0,9.0,43.0,12.0,5605,199.0,155.0,0.0,104.0,26.0,53.0,20.0,7.0,1.0,3.0,101.0,14.0,89,-73.0,-71.0,0.2045454545454545,0.32305194805194803,-0.1185064935064935,0.5275974025974026,1.5793650793650793,0.09523809523809523,0.30952380952380953,0.3412698412698413,0.06349206349206349,0.07142857142857142,0.0,0.11904761904761904,0.1349206349206349,0.33333333333333337,False,True
2720058600,27200,남구,대명3동,56,43,41,30,24,31,29,254,140,114,348.0,235.0,3.0,108.0,45.0,2.0,240.0,190.0,1.0,0.0,0.0,348.0,3.0,1.3700787401574803,0.6752873563218391,0.9251968503937008,0.0,1.2280701754385963,양호,3222,54.0,27.0,0.0,23.0,10.0,14.0,5.0,7.0,0.0,4.0,16.0,8.0,3871,94.0,73.0,0.0,45.0,8.0,24.0,2.0,5.0,0.0,9.0,44.0,10.0,-649,-40.0,-46.0,0.2125984251968504,0.3700787401574803,-0.1574803149606299,0.5826771653543307,1.7407407407407407,0.14814814814814814,0.25925925925925924,0.2962962962962963,0.09259259259259259,0.07407407407407407,0.0,0.12962962962962962,0.18518518518518517,0.5,False,True
2720059000,27200,남구,대명4동,11,15,12,13,22,16,20,109,38,71,324.0,159.0,4.0,324.0,159.0,4.0,0.0,0.0,0.0,87.0,1.0,237.0,3.0,2.9724770642201834,0.4907407407407407,1.4587155963302751,0.2685185185185185,0.5352112676056338,질적미스매치,2856,79.0,46.0,0.0,38.0,18.0,37.0,6.0,8.0,1.0,1.0,22.0,4.0,3528,119.0,91.0,0.0,55.0,11.0,34.0,5.0,8.0,1.0,6.0,54.0,11.0,-672,-40.0,-45.0,0.7247706422018348,1.091743119266055,-0.3669724770642202,1.81651376146789,1.5063291139240507,0.05063291139240506,0.46835443037974683,0.2784810126582278,0.0759493670886076,0.012658227848101266,0.012658227848101266,0.10126582278481013,0.22784810126582278,0.4177215189873418,False,True
2720060000,27200,남구,대명5동,84,74,57,49,56,50,39,409,215,194,212.0,155.0,3.0,212.0,155.0,3.0,0.0,0.0,0.0,43.0,1.0,169.0,2.0,0.5183374083129584,0.7311320754716981,0.3789731051344743,0.2028301886792453,1.1082474226804124,물리적부족,3810,248.0,211.0,0.0,143.0,9.0,47.0,8.0,5.0,1.0,6.0,169.0,12.0,3091,71.0,55.0,0.0,30.0,8.0,16.0,6.0,5.0,1.0,3.0,36.0,4.0,719,177.0,156.0,0.6063569682151589,0.17359413202933985,0.432762836185819,0.7799511002444988,0.2862903225806452,0.04838709677419355,0.18951612903225806,0.6814516129032258,0.03225806451612903,0.024193548387096774,0.004032258064516129,0.020161290322580645,0.036290322580645164,0.14919354838709675,False,True
2720061000,27200,남구,대명6동,45,56,29,38,42,48,43,301,130,171,178.0,105.0,3.0,178.0,105.0,3.0,0.0,0.0,0.0,84.0,2.0,94.0,1.0,0.5913621262458472,0.5898876404494382,0.3488372093023256,0.4719101123595505,0.7602339181286549,이중취약,3753,124.0,93.0,0.0,59.0,16.0,39.0,6.0,11.0,0.0,3.0,59.0,6.0,4065,191.0,154.0,0.0,87.0,14.0,40.0,18.0,11.0,1.0,12.0,96.0,13.0,-312,-67.0,-61.0,0.4119601328903654,0.6345514950166113,-0.2225913621262458,1.0465116279069768,1.5403225806451613,0.04838709677419355,0.31451612903225806,0.4758064516129032,0.04838709677419355,0.024193548387096774,0.0,0.08870967741935484,0.12903225806451613,0.25,False,True
2720064000,27200,남구,대명9동,35,22,24,23,23,29,40,196,81,115,458.0,356.0,3.0,50.0,46.0,1.0,408.0,310.0,2.0,0.0,0.0,458.0,3.0,2.336734693877551,0.777292576419214,1.816326530612245,0.0,0.7043478260869566,양호,4900,114.0,70.0,0.0,55.0,19.0,44.0,10.0,16.0,0.0,7.0,27.0,10.0,5847,230.0,180.0,0.0,111.0,21.0,76.0,20.0,10.0,0.0,10.0,99.0,15.0,-947,-116.0,-110.0,0.5816326530612245,1.1734693877551021,-0.5918367346938775,1.7551020408163265,2.017543859649123,0.08771929824561403,0.38596491228070173,0.2368421052631578,0.08771929824561403,0.06140350877192982,0.0,0.14035087719298245,0.16666666666666666,0.38596491228070173,False,True
2720065000,27200,남구,대명10동,10,9,13,13,12,7,16,80,32,48,98.0,17.0,1.0,98.0,17.0,1.0,0.0,0.0,0.0,0.0,0.0,98.0,1.0,1.225,0.173469387755102,0.2125,0.0,0.6666666666666666,질적미스매치,2832,49.0,32.0,0.0,26.0,10.0,21.0,4.0,3.0,0.0,3.0,14.0,4.0,3219,108.0,93.0,0.0,68.0,4.0,31.0,5.0,3.0,0.0,7.0,59.0,3.0,-387,-59.0,-61.0,0.6125,1.35,-0.7375,1.9625,2.204081632653061,0.08163265306122448,0.42857142857142855,0.2857142857142857,0.08163265306122448,0.061224489795918366,0.0,0.061224489795918366,0.20408163265306123,0.34693877551020413,True,False
2720066000,27200,남구,대명11동,13,10,14,8,11,19,9,84,37,47,123.0,36.0,2.0,123.0,36.0,2.0,0.0,0.0,0.0,48.0,1.0,75.0,1.0,1.4642857142857142,0.2926829268292683,0.4285714285714285,0.3902439024390244,0.7872340425531915,질적미스매치,2364,68.0,55.0,0.0,42.0,9.0,17.0,5.0,6.0,0.0,3.0,30.0,7.0,2853,127.0,100.0,0.0,74.0,16.0,37.0,8.0,8.0,1.0,9.0,56.0,8.0,-489,-59.0,-45.0,0.8095238095238095,1.5119047619047619,-0.7023809523809523,2.321428571428572,1.8676470588235294,0.10294117647058823,0.25,0.4411764705882353,0.07352941176470588,0.04411764705882353,0.0,0.08823529411764706,0.1323529411764706,0.19117647058823528,True,False
2723051000,27230,북구,고성동,296,282,243,201,241,179,166,1608,821,787,579.0,548.0,9.0,579.0,548.0,9.0,0.0,0.0,0.0,239.0,5.0,340.0,4.0,0.3600746268656716,0.9464594127806564,0.3407960199004975,0.4127806563039723,1.0432020330368488,물리적부족,7180,1271.0,1133.0,2.0,729.0,12.0,186.0,23.0,28.0,1.0,52.0,941.0,40.0,2648,349.0,256.0,0.0,168.0,48.0,82.0,23.0,21.0,2.0,16.0,185.0,20.0,4532,922.0,877.0,0.7904228855721394,0.21703980099502487,0.5733830845771144,1.007462686567164,0.2745869394177813,0.03147128245476003,0.14634146341463414,0.7403619197482297,0.01809598741148702,0.040912667191188044,0.0007867820613690008,0.022029897718332022,0.00944138473642801,0.10857592446892206,False,True
2723052600,27230,북구,칠성동,160,140,126,106,131,150,158,971,426,545,521.0,402.0,14.0,449.0,331.0,13.0,72.0,71.0,1.0,20.0,1.0,501.0,13.0,0.5365602471678682,0.7715930902111324,0.4140061791967044,0.0383877159309021,0.781651376146789,물리적부족,7750,582.0,443.0,0.0,268.0,47.0,128.0,55.0,21.0,0.0,55.0,280.0,43.0,7465,643.0,522.0,0.0,282.0,56.0,125.0,44.0,18.0,2.0,33.0,388.0,33.0,285,-61.0,-79.0,0.5993820803295572,0.6622039134912462,-0.0628218331616889,1.2615859938208034,1.104810996563574,0.07388316151202749,0.21993127147766323,0.4810996563573883,0.09450171821305842,0.09450171821305842,0.0,0.03608247422680412,0.08075601374570447,0.23883161512027495,False,True
2723055000,27230,북구,침산1동,1,10,6,12,4,3,12,48,17,31,0.0,0.0,0.0,0.0,0.0,0.0,0.0,0.0,0.0,0.0,0.0,0.0,0.0,0.0,,0.0,,0.5483870967741935,판정불가,718,22.0,10.0,0.0,11.0,9.0,7.0,4.0,1.0,0.0,0.0,9.0,1.0,974,32.0,25.0,0.0,19.0,2.0,8.0,1.0,3.0,0.0,2.0,17.0,1.0,-256,-10.0,-15.0,0.4583333333333333,0.6666666666666666,-0.2083333333333333,1.125,1.4545454545454546,0.045454545454545456,0.3181818181818182,0.4090909090909091,0.18181818181818182,0.0,0.0,0.045454545454545456,0.4090909090909091,0.5454545454545454,True,False
2723056000,27230,북구,침산2동,117,95,93,109,124,108,165,811,305,506,754.0,721.0,7.0,222.0,190.0,5.0,532.0,531.0,2.0,0.0,0.0,754.0,7.0,0.9297163995067818,0.9562334217506632,0.8890258939580764,0.0,0.6027667984189723,물리적부족,4401,537.0,416.0,0.0,207.0,51.0,131.0,48.0,18.0,0.0,26.0,273.0,41.0,4510,472.0,382.0,0.0,198.0,35.0,91.0,36.0,22.0,1.0,20.0,271.0,31.0,-109,65.0,34.0,0.6621454993834772,0.5819975339087546,0.0801479654747225,1.244143033292232,0.8789571694599627,0.07635009310986965,0.24394785847299813,0.5083798882681564,0.0893854748603352,0.048417132216014895,0.0,0.0335195530726257,0.09497206703910614,0.22532588454376168,False,True
2723057000,27230,북구,침산3동,72,64,59,72,83,86,113,549,195,354,453.0,413.0,9.0,273.0,233.0,8.0,180.0,180.0,1.0,180.0,1.0,273.0,8.0,0.825136612021858,0.911699779249448,0.7522768670309654,0.3973509933774834,0.5508474576271186,물리적부족,3344,341.0,228.0,0.0,133.0,54.0,112.0,34.0,9.0,1.0,21.0,139.0,25.0,4116,343.0,276.0,0.0,155.0,24.0,77.0,19.0,11.0,1.0,16.0,202.0,17.0,-772,-2.0,-48.0,0.6211293260473588,0.6247723132969034,-0.0036429872495446,1.2459016393442623,1.0058651026392962,0.07331378299120235,0.3284457478005865,0.407624633431085,0.09970674486803519,0.06158357771260997,0.002932551319648094,0.026392961876832845,0.15835777126099707,0.33137829912023464,False,True
2723061000,27230,북구,산격1동,8,5,2,3,9,7,6,40,15,25,103.0,48.0,2.0,85.0,45.0,1.0,18.0,3.0,1.0,103.0,2.0,0.0,0.0,2.575,0.4660194174757281,1.2,1.0,0.6,질적미스매치,1404,32.0,19.0,0.0,12.0,7.0,10.0,5.0,2.0,0.0,0.0,12.0,3.0,1953,61.0,51.0,0.0,29.0,7.0,16.0,6.0,1.0,0.0,3.0,31.0,4.0,-549,-29.0,-32.0,0.8,1.525,-0.725,2.325,1.90625,0.09375,0.3125,0.375,0.15625,0.0,0.0,0.0625,0.21875,0.40625,True,False
2723062000,27230,북구,산격2동,22,20,19,16,15,27,34,153,61,92,470.0,369.0,4.0,260.0,203.0,3.0,210.0,166.0,1.0,121.0,1.0,349.0,3.0,3.071895424836601,0.7851063829787234,2.411764705882353,0.2574468085106383,0.6630434782608695,양호,2205,96.0,52.0,0.0,39.0,23.0,29.0,5.0,7.0,0.0,9.0,40.0,6.0,2820,130.0,96.0,0.0,55.0,15.0,36.0,11.0,4.0,0.0,10.0,63.0,6.0,-615,-34.0,-44.0,0.6274509803921569,0.8496732026143791,-0.2222222222222222,1.477124183006536,1.3541666666666667,0.0625,0.3020833333333333,0.4166666666666667,0.052083333333333336,0.09375,0.0,0.07291666666666667,0.23958333333333334,0.45833333333333337,False,True
2723063000,27230,북구,산격3동,8,11,17,8,10,5,11,70,36,34,309.0,157.0,4.0,269.0,150.0,3.0,40.0,7.0,1.0,40.0,1.0,269.0,3.0,4.414285714285715,0.5080906148867314,2.242857142857143,0.1294498381877022,1.0588235294117647,질적미스매치,6068,57.0,46.0,0.0,28.0,5.0,20.0,2.0,3.0,0.0,5.0,19.0,8.0,6799,89.0,74.0,0.0,49.0,9.0,27.0,4.0,4.0,0.0,5.0,40.0,9.0,-731,-32.0,-28.0,0.8142857142857143,1.2714285714285714,-0.4571428571428571,2.085714285714286,1.5614035087719298,0.14035087719298245,0.3508771929824561,0.3333333333333333,0.03508771929824561,0.08771929824561403,0.0,0.05263157894736842,0.08771929824561403,0.19298245614035092,True,False
2723063100,27230,북구,산격4동,7,6,6,15,11,13,14,72,19,53,464.0,331.0,4.0,192.0,82.0,3.0,272.0,249.0,1.0,57.0,1.0,407.0,3.0,6.444444444444445,0.7133620689655172,4.597222222222222,0.1228448275862068,0.3584905660377358,양호,2215,53.0,32.0,0.0,25.0,12.0,24.0,4.0,3.0,2.0,6.0,11.0,3.0,2847,93.0,70.0,0.0,47.0,8.0,26.0,4.0,5.0,1.0,6.0,48.0,3.0,-632,-40.0,-38.0,0.7361111111111112,1.2916666666666667,-0.5555555555555556,2.0277777777777777,1.7547169811320755,0.05660377358490566,0.4528301886792453,0.2075471698113207,0.07547169811320754,0.11320754716981132,0.03773584905660377,0.05660377358490566,0.22641509433962265,0.39622641509433965,True,False
2723064500,27230,북구,대현동,43,39,30,31,34,35,52,264,112,152,663.0,471.0,8.0,347.0,194.0,6.0,316.0,277.0,2.0,60.0,1.0,603.0,7.0,2.511363636363636,0.7104072398190046,1.7840909090909092,0.090497737556561,0.7368421052631579,양호,6053,138.0,90.0,0.0,58.0,21.0,50.0,2.0,8.0,0.0,4.0,64.0,10.0,6621,260.0,211.0,0.0,100.0,16.0,57.0,31.0,8.0,0.0,9.0,140.0,15.0,-568,-122.0,-121.0,0.5227272727272727,0.9848484848484849,-0.4621212121212121,1.5075757575757576,1.8840579710144927,0.07246376811594203,0.36231884057971014,0.463768115942029,0.014492753623188406,0.028985507246376812,0.0,0.057971014492753624,0.15217391304347827,0.34782608695652173,False,True
2723067100,27230,북구,복현1동,10,7,10,5,4,9,8,53,27,26,49.0,14.0,1.0,49.0,14.0,1.0,0.0,0.0,0.0,0.0,0.0,49.0,1.0,0.9245283018867924,0.2857142857142857,0.2641509433962264,0.0,1.0384615384615383,이중취약,5805,35.0,23.0,0.0,15.0,11.0,14.0,2.0,6.0,0.0,0.0,11.0,2.0,6020,71.0,55.0,0.0,32.0,7.0,22.0,9.0,2.0,0.0,3.0,30.0,5.0,-215,-36.0,-32.0,0.660377358490566,1.3396226415094339,-0.6792452830188679,2.0,2.0285714285714285,0.05714285714285714,0.4,0.3142857142857143,0.05714285714285714,0.0,0.0,0.17142857142857143,0.3142857142857143,0.34285714285714286,True,False
2723067200,27230,북구,복현2동,161,175,141,159,133,135,136,1040,477,563,1126.0,875.0,15.0,539.0,375.0,11.0,587.0,500.0,4.0,151.0,4.0,975.0,11.0,1.0826923076923076,0.7770870337477798,0.8413461538461539,0.1341030195381883,0.8472468916518651,양호,8415,544.0,402.0,1.0,276.0,62.0,158.0,42.0,18.0,2.0,20.0,268.0,36.0,9324,753.0,626.0,1.0,383.0,47.0,144.0,31.0,24.0,0.0,37.0,474.0,43.0,-909,-209.0,-224.0,0.5230769230769231,0.7240384615384615,-0.2009615384615384,1.2471153846153846,1.3841911764705883,0.0661764705882353,0.29044117647058826,0.4926470588235294,0.07720588235294118,0.03676470588235294,0.003676470588235294,0.03308823529411765,0.11397058823529412,0.26102941176470584,False,True
2723068000,27230,북구,검단동,7,9,7,10,14,8,12,67,23,44,62.0,0.0,1.0,62.0,0.0,1.0,0.0,0.0,0.0,0.0,0.0,62.0,1.0,0.9253731343283582,0.0,0.0,0.0,0.5227272727272727,이중취약,1111,36.0,20.0,0.0,13.0,10.0,11.0,3.0,3.0,0.0,1.0,14.0,4.0,1441,69.0,58.0,0.0,30.0,4.0,17.0,4.0,3.0,0.0,4.0,38.0,3.0,-330,-33.0,-38.0,0.5373134328358209,1.0298507462686568,-0.4925373134328358,1.5671641791044777,1.9166666666666667,0.1111111111111111,0.3055555555555556,0.3888888888888889,0.08333333333333333,0.027777777777777776,0.0,0.08333333333333333,0.2777777777777778,0.4444444444444444,True,False
2723069500,27230,북구,무태조야동,131,118,132,144,163,209,174,1071,381,690,1493.0,795.0,20.0,763.0,410.0,15.0,730.0,385.0,5.0,617.0,9.0,876.0,11.0,1.3940242763772177,0.5324849296718017,0.742296918767507,0.4132618888144675,0.5521739130434783,질적미스매치,7488,444.0,311.0,0.0,214.0,51.0,152.0,26.0,13.0,0.0,12.0,207.0,34.0,8968,669.0,555.0,0.0,315.0,56.0,145.0,48.0,22.0,2.0,33.0,377.0,42.0,-1480,-225.0,-244.0,0.4145658263305322,0.6246498599439776,-0.2100840336134453,1.03921568627451,1.5067567567567568,0.07657657657657657,0.34234234234234234,0.4662162162162162,0.05855855855855856,0.02702702702702703,0.0,0.02927927927927928,0.11486486486486487,0.2995495495495496,False,True
2723071500,27230,북구,관문동,155,202,181,204,229,218,275,1464,538,926,1537.0,911.0,17.0,751.0,475.0,12.0,786.0,436.0,5.0,738.0,10.0,799.0,7.0,1.049863387978142,0.5927130774235524,0.6222677595628415,0.4801561483409239,0.5809935205183585,질적미스매치,6422,653.0,481.0,1.0,329.0,67.0,182.0,54.0,20.0,2.0,40.0,305.0,50.0,8177,932.0,792.0,2.0,400.0,68.0,171.0,66.0,29.0,1.0,65.0,530.0,70.0,-1755,-279.0,-311.0,0.4460382513661202,0.6366120218579235,-0.1905737704918032,1.0826502732240435,1.4272588055130169,0.07656967840735068,0.2787136294027565,0.4670750382848392,0.08269525267993874,0.06125574272588055,0.0030627871362940277,0.030627871362940276,0.10260336906584992,0.26339969372128635,False,True
2723072500,27230,북구,태전1동,70,55,56,49,66,62,61,419,181,238,935.0,601.0,9.0,313.0,206.0,6.0,622.0,395.0,3.0,42.0,1.0,893.0,8.0,2.231503579952267,0.6427807486631016,1.4343675417661097,0.0449197860962566,0.7605042016806722,질적미스매치,8547,240.0,168.0,0.0,120.0,33.0,76.0,22.0,16.0,1.0,28.0,80.0,17.0,8943,360.0,288.0,0.0,167.0,34.0,77.0,28.0,30.0,3.0,16.0,179.0,27.0,-396,-120.0,-120.0,0.5727923627684964,0.8591885441527446,-0.2863961813842482,1.431980906921241,1.5,0.07083333333333333,0.31666666666666665,0.3333333333333333,0.09166666666666666,0.11666666666666667,0.004166666666666667,0.06666666666666667,0.1375,0.30000000000000004,False,True
2723073500,27230,북구,태전2동,71,67,55,75,70,103,90,531,193,338,625.0,295.0,6.0,387.0,180.0,4.0,238.0,115.0,2.0,119.0,2.0,506.0,4.0,1.177024482109228,0.472,0.5555555555555556,0.1904,0.5710059171597633,질적미스매치,5823,271.0,192.0,0.0,148.0,47.0,89.0,23.0,8.0,1.0,18.0,111.0,21.0,7116,371.0,296.0,0.0,184.0,28.0,94.0,16.0,12.0,1.0,23.0,203.0,22.0,-1293,-100.0,-104.0,0.5103578154425612,0.6986817325800376,-0.1883239171374764,1.2090395480225988,1.3690036900369005,0.07749077490774908,0.3284132841328413,0.4095940959409594,0.08487084870848709,0.06642066420664207,0.0036900369003690036,0.02952029520295203,0.17343173431734318,0.29151291512915134,False,True
2723074500,27230,북구,구암동,69,81,58,75,86,115,135,619,208,411,1073.0,444.0,15.0,387.0,202.0,12.0,686.0,242.0,3.0,53.0,1.0,1020.0,14.0,1.7334410339256865,0.4137931034482758,0.7172859450726979,0.0493942218080149,0.5060827250608273,질적미스매치,6402,318.0,203.0,1.0,122.0,40.0,88.0,23.0,66.0,0.0,9.0,108.0,24.0,8405,451.0,363.0,1.0,201.0,42.0,97.0,33.0,36.0,3.0,20.0,231.0,31.0,-2003,-133.0,-160.0,0.5137318255250404,0.72859450726979,-0.2148626817447496,1.2423263327948304,1.4182389937106918,0.07547169811320754,0.27672955974842767,0.3396226415094339,0.07232704402515723,0.02830188679245283,0.0,0.20754716981132076,0.12578616352201258,0.3616352201257862,False,True
2723075000,27230,북구,관음동,24,27,24,24,37,42,39,217,75,142,424.0,124.0,5.0,78.0,37.0,3.0,346.0,87.0,2.0,0.0,0.0,424.0,5.0,1.953917050691244,0.2924528301886792,0.5714285714285714,0.0,0.528169014084507,질적미스매치,3189,108.0,83.0,0.0,44.0,15.0,31.0,11.0,2.0,0.0,13.0,36.0,15.0,4304,181.0,146.0,0.0,84.0,18.0,39.0,16.0,7.0,1.0,12.0,96.0,10.0,-1115,-73.0,-63.0,0.4976958525345622,0.8341013824884793,-0.336405529953917,1.3317972350230414,1.6759259259259258,0.1388888888888889,0.28703703703703703,0.3333333333333333,0.10185185185185185,0.12037037037037036,0.0,0.018518518518518517,0.1388888888888889,0.2314814814814815,False,True
2723077000,27230,북구,읍내동,95,91,78,92,107,108,120,691,264,427,1261.0,607.0,12.0,717.0,286.0,9.0,544.0,321.0,3.0,87.0,2.0,1174.0,10.0,1.8248914616497829,0.4813639968279143,0.8784370477568741,0.0689928628072958,0.6182669789227166,질적미스매치,6964,471.0,314.0,0.0,204.0,52.0,143.0,33.0,22.0,2.0,18.0,218.0,35.0,7938,528.0,403.0,0.0,242.0,35.0,112.0,59.0,30.0,2.0,18.0,271.0,36.0,-974,-57.0,-89.0,0.6816208393632417,0.76410998552822,-0.0824891461649783,1.4457308248914615,1.1210191082802548,0.07430997876857749,0.3036093418259023,0.4628450106157112,0.07006369426751592,0.03821656050955414,0.004246284501061571,0.04670912951167728,0.11040339702760085,0.33333333333333337,False,True
2723078000,27230,북구,동천동,75,86,69,101,108,119,124,682,230,452,1167.0,711.0,16.0,451.0,240.0,12.0,716.0,471.0,4.0,40.0,1.0,1127.0,15.0,1.7111436950146628,0.609254498714653,1.042521994134897,0.0342759211653813,0.5088495575221239,질적미스매치,5461,411.0,292.0,0.0,140.0,48.0,108.0,54.0,15.0,1.0,23.0,177.0,33.0,6757,425.0,328.0,0.0,178.0,36.0,103.0,28.0,21.0,0.0,23.0,217.0,33.0,-1296,-14.0,-36.0,0.6026392961876833,0.6231671554252199,-0.0205278592375366,1.2258064516129032,1.0340632603406326,0.08029197080291971,0.26277372262773724,0.4306569343065693,0.13138686131386862,0.05596107055961071,0.0024330900243309003,0.0364963503649635,0.11678832116788321,0.2895377128953771,False,True
2723079000,27230,북구,노원동,62,46,52,45,43,32,40,320,160,160,272.0,253.0,3.0,116.0,97.0,2.0,156.0,156.0,1.0,0.0,0.0,272.0,3.0,0.85,0.9301470588235294,0.790625,0.0,1.0,물리적부족,3393,188.0,148.0,0.0,102.0,20.0,50.0,4.0,4.0,0.0,6.0,113.0,11.0,3443,220.0,197.0,0.0,99.0,14.0,31.0,13.0,6.0,2.0,19.0,134.0,15.0,-50,-32.0,-49.0,0.5875,0.6875,-0.1,1.275,1.1702127659574468,0.05851063829787234,0.26595744680851063,0.601063829787234,0.02127659574468085,0.031914893617021274,0.0,0.02127659574468085,0.10638297872340426,0.21276595744680848,False,True
2723080000,27230,북구,국우동,133,136,131,155,134,157,193,1039,400,639,1690.0,871.0,20.0,732.0,372.0,13.0,958.0,499.0,7.0,535.0,11.0,1155.0,9.0,1.6265640038498557,0.5153846153846153,0.8383060635226179,0.3165680473372781,0.6259780907668232,질적미스매치,9258,535.0,396.0,1.0,269.0,35.0,154.0,41.0,36.0,2.0,32.0,195.0,75.0,9340,629.0,523.0,0.0,309.0,40.0,130.0,32.0,31.0,2.0,46.0,322.0,66.0,-82,-94.0,-127.0,0.5149181905678537,0.6053897978825794,-0.0904716073147257,1.120307988450433,1.1757009345794394,0.14018691588785046,0.28785046728971964,0.3644859813084112,0.07663551401869159,0.059813084112149535,0.003738317757009346,0.06728971962616823,0.06542056074766354,0.25981308411214954,False,True
2726051000,27260,수성구,범어1동,141,152,144,152,232,224,268,1313,437,876,617.0,597.0,7.0,203.0,200.0,4.0,414.0,397.0,3.0,199.0,4.0,418.0,3.0,0.4699162223914699,0.9675850891410048,0.4546839299314547,0.3225283630470016,0.4988584474885845,물리적부족,7458,1117.0,967.0,0.0,363.0,47.0,210.0,152.0,25.0,1.0,87.0,547.0,95.0,5447,442.0,345.0,0.0,158.0,32.0,111.0,38.0,25.0,3.0,22.0,219.0,24.0,2011,675.0,622.0,0.8507235338918507,0.33663366336633666,0.5140898705255141,1.1873571972581871,0.39570277529095793,0.08504923903312445,0.18800358102059087,0.4897045658012534,0.1360787824529991,0.07788719785138765,0.0008952551477170994,0.022381378692927483,0.04207699194270367,0.1342882721575649,False,True
2726052000,27260,수성구,범어2동,58,71,59,106,90,98,111,593,188,405,747.0,540.0,9.0,359.0,196.0,6.0,388.0,344.0,3.0,99.0,3.0,648.0,6.0,1.2596964586846544,0.7228915662650602,0.9106239460370996,0.1325301204819277,0.4641975308641975,양호,5467,454.0,323.0,1.0,181.0,39.0,98.0,61.0,49.0,0.0,36.0,167.0,43.0,6013,314.0,220.0,1.0,146.0,17.0,99.0,18.0,14.0,1.0,24.0,137.0,21.0,-546,140.0,103.0,0.7655986509274874,0.5295109612141653,0.236087689713322,1.2951096121416523,0.6916299559471366,0.0947136563876652,0.21585903083700442,0.36784140969163,0.1343612334801762,0.07929515418502203,0.0,0.10792951541850221,0.08590308370044053,0.28854625550660795,False,True
2726053000,27260,수성구,범어3동,128,120,123,140,145,160,189,1005,371,634,367.0,295.0,8.0,323.0,266.0,7.0,44.0,29.0,1.0,114.0,3.0,253.0,5.0,0.3651741293532338,0.8038147138964578,0.2935323383084577,0.3106267029972752,0.5851735015772871,물리적부족,5466,773.0,643.0,0.0,297.0,46.0,162.0,93.0,14.0,0.0,54.0,393.0,57.0,5489,526.0,442.0,0.0,200.0,44.0,102.0,53.0,13.0,3.0,36.0,274.0,45.0,-23,247.0,201.0,0.7691542288557214,0.5233830845771145,0.2457711442786069,1.2925373134328355,0.6804657179818887,0.07373868046571798,0.2095730918499353,0.5084087968952135,0.1203104786545925,0.06985769728331177,0.0,0.018111254851228976,0.059508408796895215,0.1681759379042691,False,True
2726054000,27260,수성구,범어4동,24,28,31,61,90,91,152,477,83,394,398.0,279.0,3.0,398.0,279.0,3.0,0.0,0.0,0.0,34.0,1.0,364.0,2.0,0.8343815513626834,0.7010050251256281,0.5849056603773585,0.0854271356783919,0.2106598984771573,물리적부족,5131,628.0,541.0,0.0,127.0,39.0,131.0,180.0,15.0,0.0,32.0,212.0,58.0,5904,252.0,194.0,0.0,71.0,21.0,69.0,30.0,13.0,3.0,11.0,111.0,15.0,-773,376.0,347.0,1.3165618448637315,0.5283018867924528,0.7882599580712788,1.8448637316561844,0.4012738853503185,0.09235668789808917,0.2085987261146497,0.3375796178343949,0.28662420382165604,0.050955414012738856,0.0,0.02388535031847134,0.06210191082802548,0.13853503184713378,False,True
2726055000,27260,수성구,만촌1동,76,82,73,88,100,132,138,689,231,458,675.0,493.0,13.0,383.0,265.0,10.0,292.0,228.0,3.0,179.0,6.0,496.0,7.0,0.9796806966618288,0.7303703703703703,0.7155297532656023,0.2651851851851852,0.5043668122270742,물리적부족,4699,530.0,401.0,0.0,196.0,56.0,129.0,48.0,12.0,0.0,34.0,174.0,133.0,5748,406.0,322.0,0.0,158.0,30.0,85.0,43.0,11.0,0.0,17.0,164.0,86.0,-1049,124.0,79.0,0.7692307692307693,0.5892597968069666,0.1799709724238026,1.3584905660377358,0.7660377358490567,0.2509433962264151,0.24339622641509434,0.3283018867924528,0.09056603773584905,0.06415094339622641,0.0,0.022641509433962263,0.10566037735849057,0.24339622641509429,False,True
2726056000,27260,수성구,만촌2동,34,45,48,50,74,73,84,408,127,281,874.0,798.0,8.0,102.0,71.0,3.0,772.0,727.0,5.0,100.0,3.0,774.0,5.0,2.142156862745098,0.9130434782608696,1.9558823529411764,0.11441647597254,0.4519572953736654,양호,4563,369.0,303.0,0.0,135.0,17.0,72.0,20.0,10.0,0.0,12.0,201.0,54.0,4097,192.0,148.0,0.0,72.0,18.0,49.0,15.0,9.0,0.0,11.0,73.0,35.0,466,177.0,155.0,0.9044117647058824,0.47058823529411764,0.4338235294117647,1.375,0.5203252032520326,0.14634146341463414,0.1951219512195122,0.5447154471544715,0.05420054200542006,0.032520325203252036,0.0,0.02710027100271003,0.04607046070460705,0.17886178861788615,False,True
2726056100,27260,수성구,만촌3동,45,67,63,65,105,129,154,628,175,453,574.0,540.0,7.0,276.0,247.0,5.0,298.0,293.0,2.0,123.0,3.0,451.0,4.0,0.9140127388535032,0.940766550522648,0.8598726114649682,0.2142857142857142,0.3863134657836644,물리적부족,6488,784.0,698.0,1.0,210.0,31.0,124.0,186.0,17.0,0.0,48.0,370.0,39.0,6352,285.0,234.0,1.0,77.0,25.0,61.0,31.0,18.0,0.0,18.0,133.0,24.0,136,499.0,464.0,1.248407643312102,0.4538216560509554,0.7945859872611465,1.7022292993630572,0.3635204081632653,0.04974489795918367,0.15816326530612246,0.4719387755102041,0.2372448979591837,0.061224489795918366,0.0,0.021683673469387755,0.039540816326530615,0.10969387755102045,False,True
2726057000,27260,수성구,수성1가동,55,58,55,58,69,75,101,471,168,303,452.0,255.0,5.0,306.0,109.0,4.0,146.0,146.0,1.0,42.0,1.0,410.0,4.0,0.9596602972399152,0.5641592920353983,0.5414012738853503,0.0929203539823008,0.5544554455445545,이중취약,4140,425.0,349.0,0.0,145.0,36.0,99.0,43.0,9.0,1.0,19.0,231.0,23.0,4481,261.0,200.0,0.0,96.0,28.0,61.0,19.0,7.0,3.0,13.0,134.0,24.0,-341,164.0,149.0,0.902335456475584,0.554140127388535,0.3481953290870488,1.4564755838641188,0.6141176470588235,0.05411764705882353,0.23294117647058823,0.5435294117647059,0.1011764705882353,0.04470588235294118,0.002352941176470588,0.021176470588235293,0.08470588235294117,0.17882352941176471,False,True
2726058000,27260,수성구,수성2.3가동,13,37,28,46,78,55,89,346,78,268,69.0,68.0,2.0,69.0,68.0,2.0,0.0,0.0,0.0,69.0,2.0,0.0,0.0,0.1994219653179191,0.9855072463768116,0.1965317919075144,1.0,0.291044776119403,물리적부족,2286,309.0,234.0,0.0,115.0,34.0,77.0,46.0,10.0,0.0,25.0,121.0,30.0,3040,170.0,138.0,0.0,52.0,6.0,34.0,17.0,6.0,0.0,10.0,87.0,16.0,-754,139.0,96.0,0.8930635838150289,0.4913294797687861,0.4017341040462427,1.384393063583815,0.5501618122977346,0.0970873786407767,0.24919093851132687,0.3915857605177993,0.1488673139158576,0.08090614886731391,0.0,0.032362459546925564,0.11003236245954692,0.24271844660194175,False,True
2726059000,27260,수성구,수성4가동,34,39,39,36,33,43,49,273,112,161,646.0,435.0,7.0,276.0,165.0,5.0,370.0,270.0,2.0,34.0,1.0,612.0,6.0,2.3663003663003663,0.673374613003096,1.5934065934065933,0.0526315789473684,0.6956521739130435,양호,3107,184.0,131.0,0.0,59.0,31.0,60.0,17.0,9.0,1.0,7.0,74.0,16.0,3703,218.0,175.0,0.0,89.0,21.0,46.0,18.0,6.0,0.0,13.0,119.0,16.0,-596,-34.0,-44.0,0.673992673992674,0.7985347985347986,-0.1245421245421245,1.4725274725274726,1.184782608695652,0.08695652173913043,0.32608695652173914,0.4021739130434782,0.09239130434782608,0.03804347826086957,0.005434782608695652,0.04891304347826087,0.16847826086956522,0.2880434782608695,False,True
2726060100,27260,수성구,황금1동,60,67,77,84,131,150,212,781,204,577,692.0,472.0,9.0,340.0,226.0,7.0,352.0,246.0,2.0,387.0,6.0,305.0,3.0,0.8860435339308579,0.6820809248554913,0.6043533930857875,0.5592485549132948,0.3535528596187175,물리적부족,4701,728.0,599.0,0.0,215.0,46.0,132.0,144.0,31.0,1.0,33.0,329.0,58.0,5942,371.0,288.0,0.0,117.0,34.0,86.0,26.0,21.0,2.0,27.0,171.0,38.0,-1241,357.0,311.0,0.9321382842509603,0.47503201024327785,0.4571062740076824,1.407170294494238,0.5096153846153846,0.07967032967032966,0.1813186813186813,0.4519230769230769,0.1978021978021978,0.04532967032967033,0.0013736263736263737,0.042582417582417584,0.06318681318681318,0.17719780219780223,False,True
2726060200,27260,수성구,황금2동,70,84,57,67,61,51,62,452,211,241,231.0,228.0,3.0,153.0,151.0,2.0,78.0,77.0,1.0,153.0,2.0,78.0,1.0,0.5110619469026548,0.987012987012987,0.504424778761062,0.6623376623376623,0.8755186721991701,물리적부족,4111,242.0,187.0,0.0,126.0,29.0,59.0,17.0,22.0,0.0,14.0,108.0,22.0,4469,265.0,199.0,0.0,126.0,30.0,60.0,36.0,33.0,2.0,18.0,100.0,16.0,-358,-23.0,-12.0,0.5353982300884956,0.5862831858407079,-0.0508849557522123,1.1216814159292037,1.0950413223140496,0.09090909090909091,0.24380165289256198,0.4462809917355372,0.07024793388429752,0.05785123966942149,0.0,0.09090909090909091,0.11983471074380166,0.2272727272727273,False,True
2726061000,27260,수성구,중동,101,144,99,99,117,105,131,796,344,452,477.0,411.0,7.0,325.0,259.0,6.0,152.0,152.0,1.0,172.0,4.0,305.0,3.0,0.5992462311557789,0.8616352201257862,0.5163316582914573,0.360587002096436,0.7610619469026548,물리적부족,6079,626.0,514.0,2.0,308.0,32.0,113.0,37.0,29.0,1.0,31.0,377.0,38.0,5275,428.0,341.0,0.0,190.0,43.0,104.0,39.0,18.0,1.0,18.0,213.0,35.0,804,198.0,173.0,0.7864321608040201,0.5376884422110553,0.2487437185929648,1.3241206030150754,0.6837060702875399,0.06070287539936102,0.1805111821086262,0.6022364217252396,0.05910543130990415,0.04952076677316294,0.001597444089456869,0.0463258785942492,0.051118210862619806,0.17891373801916932,False,True
2726062000,27260,수성구,상동,28,30,43,40,43,52,46,282,101,181,189.0,115.0,3.0,189.0,115.0,3.0,0.0,0.0,0.0,49.0,1.0,140.0,2.0,0.6702127659574468,0.6084656084656085,0.4078014184397163,0.2592592592592592,0.5580110497237569,이중취약,4365,199.0,128.0,0.0,88.0,31.0,59.0,16.0,17.0,2.0,19.0,68.0,18.0,5281,241.0,192.0,0.0,98.0,18.0,57.0,20.0,13.0,1.0,14.0,114.0,22.0,-916,-42.0,-64.0,0.7056737588652482,0.8546099290780141,-0.1489361702127659,1.5602836879432624,1.2110552763819096,0.09045226130653267,0.2964824120603015,0.3417085427135678,0.08040201005025126,0.09547738693467336,0.010050251256281407,0.08542713567839195,0.15577889447236182,0.35678391959798994,False,True
2726063000,27260,수성구,파동,136,138,107,118,130,101,111,841,381,460,975.0,766.0,9.0,483.0,271.0,7.0,492.0,495.0,2.0,176.0,4.0,799.0,5.0,1.159334126040428,0.7856410256410257,0.910820451843044,0.1805128205128205,0.8282608695652174,양호,6028,555.0,475.0,1.0,294.0,26.0,96.0,15.0,25.0,9.0,23.0,359.0,28.0,3681,280.0,216.0,0.0,108.0,29.0,62.0,27.0,24.0,0.0,18.0,131.0,18.0,2347,275.0,259.0,0.6599286563614745,0.3329369797859691,0.3269916765755054,0.9928656361474436,0.5045045045045045,0.05045045045045045,0.17297297297297298,0.6468468468468469,0.02702702702702703,0.04144144144144144,0.016216216216216217,0.04504504504504504,0.04684684684684685,0.14414414414414412,False,True
2726064000,27260,수성구,두산동,71,73,60,86,86,82,79,537,204,333,379.0,164.0,6.0,379.0,164.0,6.0,0.0,0.0,0.0,98.0,3.0,281.0,3.0,0.7057728119180633,0.4327176781002638,0.3054003724394786,0.258575197889182,0.6126126126126126,이중취약,6121,389.0,293.0,1.0,165.0,19.0,88.0,24.0,17.0,0.0,18.0,226.0,16.0,6083,360.0,273.0,0.0,156.0,34.0,85.0,38.0,17.0,3.0,11.0,173.0,33.0,38,29.0,20.0,0.7243947858472998,0.6703910614525139,0.0540037243947858,1.3947858472998138,0.9254498714652957,0.04113110539845758,0.2262210796915167,0.5809768637532133,0.061696658097686374,0.04627249357326478,0.0,0.043701799485861184,0.04884318766066838,0.2467866323907455,False,True
2726065100,27260,수성구,지산1동,27,24,28,41,32,27,47,226,79,147,933.0,431.0,8.0,463.0,213.0,5.0,470.0,218.0,3.0,89.0,2.0,844.0,6.0,4.128318584070796,0.4619506966773847,1.907079646017699,0.0953912111468381,0.5374149659863946,질적미스매치,5620,168.0,110.0,0.0,78.0,31.0,52.0,14.0,12.0,0.0,9.0,62.0,19.0,6757,278.0,212.0,0.0,134.0,31.0,74.0,17.0,22.0,1.0,13.0,133.0,18.0,-1137,-110.0,-102.0,0.7433628318584071,1.2300884955752212,-0.4867256637168141,1.9734513274336285,1.6547619047619047,0.1130952380952381,0.30952380952380953,0.369047619047619,0.08333333333333333,0.05357142857142857,0.0,0.07142857142857142,0.18452380952380953,0.34523809523809523,False,True
2726065200,27260,수성구,지산2동,68,57,53,55,61,63,90,447,178,269,776.0,565.0,6.0,266.0,182.0,4.0,510.0,383.0,2.0,129.0,2.0,647.0,4.0,1.7360178970917226,0.7280927835051546,1.2639821029082774,0.1662371134020618,0.6617100371747212,양호,5793,433.0,298.0,0.0,163.0,60.0,125.0,35.0,26.0,0.0,36.0,178.0,33.0,5594,321.0,242.0,0.0,136.0,35.0,72.0,28.0,16.0,2.0,15.0,163.0,25.0,199,112.0,56.0,0.9686800894854586,0.7181208053691275,0.2505592841163311,1.686800894854586,0.7413394919168591,0.07621247113163972,0.28868360277136257,0.4110854503464203,0.08083140877598152,0.08314087759815242,0.0,0.06004618937644342,0.13856812933025403,0.31177829099307164,False,True
2726066100,27260,수성구,범물1동,12,14,20,10,15,9,10,90,46,44,60.0,24.0,2.0,20.0,17.0,1.0,40.0,7.0,1.0,40.0,1.0,20.0,1.0,0.6666666666666666,0.4,0.2666666666666666,0.6666666666666666,1.0454545454545454,이중취약,1977,71.0,37.0,0.0,23.0,20.0,33.0,3.0,4.0,0.0,4.0,23.0,4.0,2425,112.0,85.0,0.0,45.0,13.0,31.0,10.0,6.0,1.0,5.0,49.0,10.0,-448,-41.0,-48.0,0.7888888888888889,1.2444444444444445,-0.4555555555555555,2.033333333333333,1.5774647887323943,0.056338028169014086,0.4647887323943662,0.323943661971831,0.04225352112676056,0.056338028169014086,0.0,0.056338028169014086,0.28169014084507044,0.47887323943661975,True,False
2726066200,27260,수성구,범물2동,64,53,55,64,68,59,64,427,172,255,366.0,191.0,5.0,138.0,90.0,3.0,228.0,101.0,2.0,121.0,2.0,245.0,3.0,0.8571428571428571,0.5218579234972678,0.4473067915690866,0.3306010928961748,0.6745098039215687,이중취약,3628,286.0,212.0,1.0,146.0,28.0,76.0,19.0,14.0,4.0,12.0,140.0,21.0,4201,287.0,232.0,0.0,117.0,26.0,61.0,22.0,13.0,5.0,17.0,140.0,29.0,-573,-1.0,-20.0,0.6697892271662763,0.6721311475409836,-0.0023419203747072,1.34192037470726,1.0034965034965035,0.07342657342657342,0.26573426573426573,0.4895104895104895,0.06643356643356643,0.04195804195804196,0.013986013986013986,0.04895104895104895,0.0979020979020979,0.25874125874125875,False,True
2726067000,27260,수성구,고산1동,86,104,106,112,157,153,193,911,296,615,907.0,566.0,9.0,315.0,197.0,6.0,592.0,369.0,3.0,101.0,3.0,806.0,6.0,0.995609220636663,0.6240352811466373,0.6212952799121844,0.1113561190738699,0.4813008130081301,이중취약,8015,750.0,550.0,0.0,264.0,75.0,189.0,113.0,26.0,1.0,47.0,318.0,56.0,8593,511.0,403.0,0.0,214.0,41.0,120.0,34.0,25.0,4.0,28.0,267.0,33.0,-578,239.0,147.0,0.823271130625686,0.5609220636663008,0.2623490669593853,1.3841931942919867,0.6813333333333333,0.07466666666666667,0.252,0.424,0.15066666666666667,0.06266666666666666,0.0013333333333333333,0.034666666666666665,0.1,0.2666666666666667,False,True
2726068000,27260,수성구,고산2동,112,88,118,120,152,148,164,902,318,584,1332.0,1035.0,15.0,494.0,341.0,10.0,838.0,694.0,5.0,464.0,8.0,868.0,7.0,1.476718403547672,0.777027027027027,1.147450110864745,0.3483483483483483,0.5445205479452054,양호,6605,574.0,441.0,0.0,272.0,41.0,148.0,56.0,23.0,0.0,34.0,246.0,67.0,7703,631.0,508.0,0.0,327.0,45.0,134.0,28.0,15.0,1.0,33.0,336.0,84.0,-1098,-57.0,-67.0,0.6363636363636364,0.6995565410199557,-0.0631929046563192,1.335920177383592,1.0993031358885017,0.11672473867595819,0.2578397212543554,0.4285714285714285,0.0975609756097561,0.059233449477351915,0.0,0.04006968641114982,0.07142857142857142,0.23170731707317072,False,True
2726069000,27260,수성구,고산3동,74,80,62,103,96,124,115,654,216,438,672.0,212.0,9.0,442.0,178.0,8.0,230.0,34.0,1.0,149.0,5.0,523.0,4.0,1.0275229357798166,0.3154761904761904,0.3241590214067278,0.2217261904761904,0.4931506849315068,질적미스매치,6605,447.0,312.0,0.0,183.0,60.0,133.0,39.0,22.0,0.0,28.0,185.0,40.0,8171,504.0,407.0,0.0,194.0,42.0,117.0,38.0,19.0,0.0,28.0,273.0,29.0,-1566,-57.0,-95.0,0.6834862385321101,0.7706422018348624,-0.0871559633027523,1.4541284403669723,1.1275167785234899,0.0894854586129754,0.2975391498881432,0.4138702460850111,0.087248322147651,0.06263982102908278,0.0,0.049217002237136466,0.1342281879194631,0.30201342281879195,False,True
2729051500,27290,달서구,성당동,51,42,51,55,45,74,80,398,144,254,904.0,518.0,8.0,274.0,160.0,6.0,630.0,358.0,2.0,77.0,1.0,827.0,7.0,2.271356783919598,0.5730088495575221,1.3015075376884422,0.0851769911504424,0.5669291338582677,질적미스매치,5292,225.0,147.0,0.0,96.0,39.0,81.0,16.0,4.0,1.0,7.0,98.0,18.0,6502,320.0,250.0,0.0,140.0,30.0,71.0,15.0,14.0,1.0,13.0,192.0,14.0,-1210,-95.0,-103.0,0.5653266331658291,0.8040201005025126,-0.2386934673366834,1.3693467336683418,1.4222222222222223,0.08,0.36,0.4355555555555555,0.07111111111111111,0.03111111111111111,0.0044444444444444444,0.017777777777777778,0.17333333333333334,0.3466666666666667,False,True
2729053500,27290,달서구,두류1.2동,103,99,70,54,52,67,54,499,272,227,250.0,141.0,6.0,210.0,131.0,5.0,40.0,10.0,1.0,85.0,2.0,165.0,4.0,0.501002004008016,0.564,0.282565130260521,0.34,1.198237885462555,이중취약,6990,328.0,269.0,0.0,173.0,24.0,62.0,12.0,14.0,1.0,13.0,200.0,26.0,6278,250.0,192.0,0.0,135.0,27.0,56.0,18.0,14.0,1.0,15.0,122.0,24.0,712,78.0,77.0,0.657314629258517,0.501002004008016,0.156312625250501,1.1583166332665331,0.7621951219512195,0.07926829268292683,0.18902439024390244,0.6097560975609756,0.036585365853658534,0.039634146341463415,0.003048780487804878,0.042682926829268296,0.07317073170731707,0.17987804878048785,False,True
2729055000,27290,달서구,두류3동,32,31,33,34,34,25,40,229,96,133,288.0,229.0,6.0,160.0,116.0,4.0,128.0,113.0,2.0,85.0,2.0,203.0,4.0,1.25764192139738,0.7951388888888888,1.0,0.2951388888888889,0.7218045112781954,양호,3813,215.0,178.0,0.0,118.0,21.0,34.0,8.0,28.0,3.0,9.0,117.0,16.0,3239,142.0,116.0,0.0,56.0,14.0,24.0,10.0,14.0,2.0,4.0,78.0,10.0,574,73.0,62.0,0.9388646288209608,0.6200873362445415,0.3187772925764192,1.5589519650655022,0.6604651162790698,0.07441860465116279,0.15813953488372093,0.5441860465116279,0.037209302325581395,0.04186046511627907,0.013953488372093023,0.13023255813953488,0.09767441860465116,0.172093023255814,False,True
2729055500,27290,달서구,감삼동,253,212,198,204,197,234,271,1569,663,906,1006.0,758.0,16.0,610.0,481.0,13.0,396.0,277.0,3.0,131.0,3.0,875.0,13.0,0.6411727214786488,0.7534791252485089,0.4831102613129381,0.1302186878727634,0.7317880794701986,물리적부족,10450,1080.0,835.0,1.0,485.0,84.0,257.0,93.0,38.0,0.0,70.0,559.0,63.0,9324,845.0,642.0,0.0,389.0,94.0,215.0,61.0,39.0,2.0,28.0,459.0,41.0,1126,235.0,193.0,0.6883365200764818,0.538559592096877,0.1497769279796048,1.2268961121733588,0.7824074074074074,0.058333333333333334,0.23796296296296296,0.5175925925925926,0.08611111111111111,0.06481481481481481,0.0,0.03518518518518519,0.07777777777777778,0.22685185185185186,False,True
2729056300,27290,달서구,죽전동,93,111,74,69,69,50,63,529,278,251,282.0,180.0,4.0,282.0,180.0,4.0,0.0,0.0,0.0,89.0,2.0,193.0,2.0,0.5330812854442344,0.6382978723404256,0.3402646502835538,0.3156028368794326,1.1075697211155378,이중취약,5833,368.0,305.0,0.0,214.0,30.0,84.0,19.0,5.0,2.0,18.0,215.0,25.0,5140,193.0,145.0,0.0,81.0,27.0,50.0,13.0,10.0,2.0,5.0,97.0,16.0,693,175.0,160.0,0.6956521739130435,0.3648393194706994,0.330812854442344,1.0604914933837428,0.5244565217391305,0.06793478260869565,0.22826086956521738,0.5842391304347826,0.051630434782608696,0.04891304347826087,0.005434782608695652,0.01358695652173913,0.08152173913043478,0.17119565217391308,False,True
2729056800,27290,달서구,장기동,82,71,55,61,60,61,70,460,208,252,519.0,411.0,8.0,227.0,206.0,5.0,292.0,205.0,3.0,199.0,4.0,320.0,4.0,1.1282608695652174,0.791907514450867,0.8934782608695652,0.3834296724470135,0.8253968253968254,양호,3933,269.0,200.0,0.0,122.0,36.0,76.0,18.0,10.0,0.0,12.0,139.0,14.0,4548,339.0,269.0,0.0,159.0,34.0,71.0,24.0,13.0,2.0,11.0,199.0,19.0,-615,-70.0,-69.0,0.5847826086956521,0.7369565217391304,-0.1521739130434782,1.3217391304347823,1.2602230483271375,0.05204460966542751,0.2825278810408922,0.516728624535316,0.06691449814126393,0.04460966542750929,0.0,0.03717472118959108,0.13382899628252787,0.2565055762081785,False,True
2729057100,27290,달서구,용산1동,104,92,74,76,95,112,109,662,270,392,454.0,296.0,10.0,350.0,220.0,9.0,104.0,76.0,1.0,181.0,3.0,273.0,7.0,0.6858006042296072,0.6519823788546255,0.4471299093655589,0.3986784140969163,0.6887755102040817,이중취약,6923,357.0,252.0,0.0,168.0,61.0,109.0,25.0,19.0,0.0,14.0,168.0,22.0,8076,410.0,337.0,0.0,190.0,29.0,88.0,22.0,14.0,2.0,20.0,238.0,26.0,-1153,-53.0,-85.0,0.5392749244712991,0.6193353474320241,-0.080060422960725,1.158610271903323,1.1484593837535013,0.06162464985994398,0.30532212885154064,0.4705882352941176,0.0700280112044818,0.0392156862745098,0.0,0.05322128851540616,0.17086834733893558,0.2941176470588235,False,True
2729057200,27290,달서구,용산2동,65,52,53,60,62,82,74,448,170,278,1053.0,750.0,12.0,339.0,120.0,9.0,714.0,630.0,3.0,25.0,1.0,1028.0,11.0,2.3504464285714284,0.7122507122507122,1.6741071428571428,0.023741690408357,0.6115107913669064,양호,5059,256.0,165.0,0.0,100.0,46.0,76.0,36.0,16.0,2.0,6.0,97.0,23.0,6569,404.0,332.0,0.0,204.0,29.0,74.0,15.0,16.0,2.0,20.0,248.0,29.0,-1510,-148.0,-167.0,0.5714285714285714,0.9017857142857143,-0.3303571428571428,1.4732142857142858,1.578125,0.08984375,0.296875,0.37890625,0.140625,0.0234375,0.0078125,0.0625,0.1796875,0.35546875,False,True
2729057600,27290,달서구,이곡1동,53,58,52,53,47,62,71,396,163,233,950.0,566.0,13.0,542.0,233.0,11.0,408.0,333.0,2.0,43.0,1.0,907.0,12.0,2.398989898989899,0.5957894736842105,1.4292929292929293,0.0452631578947368,0.6995708154506438,질적미스매치,4523,203.0,144.0,0.0,97.0,28.0,60.0,28.0,6.0,1.0,8.0,80.0,20.0,5962,286.0,233.0,0.0,147.0,30.0,67.0,17.0,7.0,1.0,15.0,158.0,21.0,-1439,-83.0,-89.0,0.5126262626262627,0.7222222222222222,-0.2095959595959595,1.2348484848484849,1.4088669950738917,0.09852216748768473,0.2955665024630542,0.3940886699507389,0.13793103448275862,0.03940886699507389,0.0049261083743842365,0.029556650246305417,0.13793103448275862,0.29064039408866993,False,True
2729057700,27290,달서구,이곡2동,30,22,30,36,44,31,52,245,82,163,273.0,156.0,5.0,179.0,109.0,4.0,94.0,47.0,1.0,89.0,2.0,184.0,3.0,1.1142857142857143,0.5714285714285714,0.636734693877551,0.326007326007326,0.5030674846625767,질적미스매치,3694,147.0,102.0,0.0,64.0,25.0,49.0,11.0,10.0,1.0,7.0,51.0,18.0,4609,232.0,190.0,0.0,120.0,19.0,53.0,14.0,6.0,0.0,11.0,133.0,15.0,-915,-85.0,-88.0,0.6,0.9469387755102041,-0.3469387755102041,1.546938775510204,1.5782312925170068,0.12244897959183673,0.3333333333333333,0.3469387755102041,0.07482993197278912,0.047619047619047616,0.006802721088435374,0.06802721088435375,0.17006802721088435,0.30612244897959184,False,True
2729058500,27290,달서구,신당동,47,73,68,61,54,61,73,437,188,249,818.0,461.0,16.0,622.0,349.0,14.0,196.0,112.0,2.0,119.0,3.0,699.0,13.0,1.8718535469107551,0.5635696821515892,1.0549199084668193,0.1454767726161369,0.7550200803212851,질적미스매치,13645,284.0,209.0,0.0,143.0,30.0,82.0,14.0,57.0,2.0,14.0,87.0,28.0,15125,448.0,380.0,0.0,224.0,28.0,101.0,20.0,45.0,1.0,21.0,212.0,48.0,-1480,-164.0,-171.0,0.6498855835240275,1.0251716247139588,-0.3752860411899313,1.6750572082379862,1.5774647887323943,0.09859154929577464,0.2887323943661972,0.306338028169014,0.04929577464788732,0.04929577464788732,0.007042253521126761,0.2007042253521127,0.1056338028169014,0.2640845070422535,False,True
2729059000,27290,달서구,본리동,181,169,150,166,160,148,156,1130,500,630,840.0,633.0,13.0,438.0,273.0,10.0,402.0,360.0,3.0,176.0,4.0,664.0,9.0,0.7433628318584071,0.7535714285714286,0.5601769911504425,0.2095238095238095,0.7936507936507936,물리적부족,6878,718.0,577.0,0.0,344.0,63.0,149.0,29.0,36.0,2.0,20.0,447.0,35.0,5523,501.0,392.0,1.0,227.0,49.0,115.0,37.0,29.0,4.0,21.0,261.0,34.0,1355,217.0,185.0,0.6353982300884956,0.4433628318584071,0.1920353982300885,1.0787610619469026,0.6977715877437326,0.04874651810584958,0.2075208913649025,0.6225626740947076,0.0403899721448468,0.027855153203342618,0.002785515320334262,0.05013927576601671,0.08774373259052924,0.1963788300835655,False,True
2729060100,27290,달서구,월성1동,189,215,199,241,276,323,367,1810,603,1207,2123.0,1797.0,25.0,1001.0,746.0,20.0,1122.0,1051.0,5.0,330.0,7.0,1793.0,18.0,1.17292817679558,0.8464437117286858,0.992817679558011,0.155440414507772,0.4995857497928749,양호,7476,1147.0,932.0,1.0,436.0,55.0,228.0,168.0,30.0,0.0,68.0,576.0,77.0,8469,718.0,576.0,2.0,299.0,48.0,149.0,59.0,26.0,2.0,30.0,398.0,54.0,-993,429.0,356.0,0.6337016574585635,0.3966850828729282,0.2370165745856353,1.0303867403314917,0.6259808195292066,0.06713164777680906,0.1987794245858762,0.5021795989537925,0.14646904969485613,0.05928509154315606,0.0,0.026155187445510025,0.04795117698343505,0.18744551002615517,False,True
2729060200,27290,달서구,월성2동,21,20,15,21,21,21,21,140,56,84,307.0,239.0,5.0,129.0,86.0,3.0,178.0,153.0,2.0,132.0,3.0,175.0,2.0,2.192857142857143,0.7785016286644951,1.707142857142857,0.4299674267100977,0.6666666666666666,양호,2668,83.0,48.0,0.0,35.0,22.0,28.0,11.0,6.0,0.0,0.0,29.0,9.0,3313,138.0,113.0,0.0,71.0,18.0,26.0,13.0,9.0,1.0,5.0,71.0,13.0,-645,-55.0,-65.0,0.5928571428571429,0.9857142857142858,-0.3928571428571428,1.5785714285714283,1.6626506024096386,0.10843373493975904,0.3373493975903614,0.3493975903614458,0.13253012048192772,0.0,0.0,0.07228915662650602,0.26506024096385544,0.42168674698795183,False,True
2729061500,27290,달서구,진천동,220,221,225,205,251,263,334,1719,666,1053,2644.0,1783.0,29.0,1300.0,766.0,22.0,1344.0,1017.0,7.0,790.0,10.0,1854.0,19.0,1.5381035485747527,0.674357034795764,1.0372309482257127,0.2987897125567322,0.6324786324786325,양호,12558,930.0,693.0,1.0,413.0,112.0,258.0,59.0,43.0,6.0,43.0,459.0,62.0,13957,1042.0,839.0,1.0,475.0,89.0,246.0,73.0,52.0,3.0,38.0,559.0,71.0,-1399,-112.0,-146.0,0.5410122164048866,0.6061663757998836,-0.0651541593949971,1.14717859220477,1.1204301075268817,0.06666666666666667,0.27741935483870966,0.4935483870967742,0.06344086021505377,0.046236559139784944,0.0064516129032258064,0.046236559139784944,0.12043010752688173,0.2548387096774194,False,True
2729061700,27290,달서구,유천동,314,336,302,341,355,426,452,2526,952,1574,1003.0,708.0,15.0,471.0,383.0,12.0,532.0,325.0,3.0,207.0,5.0,796.0,10.0,0.397070467141726,0.7058823529411765,0.2802850356294536,0.2063808574277168,0.6048284625158831,물리적부족,6636,1434.0,1193.0,2.0,646.0,43.0,289.0,138.0,31.0,1.0,69.0,806.0,100.0,7021,1042.0,864.0,0.0,417.0,81.0,179.0,62.0,28.0,3.0,31.0,670.0,69.0,-385,392.0,329.0,0.5676959619952494,0.41250989707046715,0.1551860649247822,0.9802058590657166,0.7266387726638772,0.0697350069735007,0.201534170153417,0.5620641562064156,0.09623430962343096,0.04811715481171548,0.000697350069735007,0.021617852161785217,0.0299860529986053,0.1680613668061367,False,True
2729062400,27290,달서구,상인1동,147,130,134,114,123,127,156,931,411,520,800.0,504.0,13.0,354.0,222.0,11.0,446.0,282.0,2.0,310.0,4.0,490.0,9.0,0.8592910848549946,0.63,0.5413533834586466,0.3875,0.7903846153846154,이중취약,6425,524.0,370.0,1.0,223.0,84.0,145.0,47.0,11.0,1.0,23.0,263.0,34.0,8045,552.0,447.0,0.0,259.0,34.0,128.0,33.0,9.0,0.0,30.0,321.0,31.0,-1620,-28.0,-77.0,0.5628356605800214,0.5929108485499462,-0.0300751879699248,1.1557465091299677,1.0534351145038168,0.0648854961832061,0.2767175572519084,0.5019083969465649,0.08969465648854962,0.04389312977099236,0.0019083969465648854,0.02099236641221374,0.16030534351145037,0.29389312977099236,False,True
2729062500,27290,달서구,상인2동,61,55,54,61,56,57,70,414,170,244,633.0,354.0,7.0,430.0,259.0,6.0,203.0,95.0,1.0,0.0,0.0,633.0,7.0,1.5289855072463767,0.5592417061611374,0.855072463768116,0.0,0.6967213114754098,질적미스매치,5680,240.0,162.0,0.0,126.0,42.0,85.0,15.0,22.0,0.0,11.0,96.0,11.0,6714,351.0,292.0,1.0,189.0,34.0,75.0,11.0,19.0,2.0,13.0,203.0,28.0,-1034,-111.0,-130.0,0.5797101449275363,0.8478260869565217,-0.2681159420289855,1.427536231884058,1.4625,0.04583333333333333,0.3541666666666667,0.4,0.0625,0.04583333333333333,0.0,0.09166666666666666,0.175,0.32499999999999996,False,True
2729062600,27290,달서구,상인3동,11,2,7,11,4,13,19,67,20,47,215.0,26.0,3.0,215.0,26.0,3.0,0.0,0.0,0.0,41.0,1.0,174.0,2.0,3.208955223880597,0.1209302325581395,0.3880597014925373,0.1906976744186046,0.425531914893617,질적미스매치,2016,45.0,25.0,0.0,18.0,10.0,21.0,2.0,2.0,0.0,1.0,17.0,2.0,2359,107.0,76.0,0.0,56.0,13.0,40.0,10.0,4.0,0.0,3.0,46.0,4.0,-343,-62.0,-51.0,0.6716417910447762,1.5970149253731343,-0.9253731343283582,2.2686567164179103,2.3777777777777778,0.044444444444444446,0.4666666666666667,0.3777777777777777,0.044444444444444446,0.022222222222222223,0.0,0.044444444444444446,0.2222222222222222,0.4444444444444444,True,False
2729062800,27290,달서구,도원동,79,83,61,72,95,80,116,586,223,363,783.0,308.0,14.0,272.0,139.0,11.0,511.0,169.0,3.0,99.0,3.0,684.0,11.0,1.3361774744027304,0.3933588761174968,0.5255972696245734,0.1264367816091954,0.6143250688705234,질적미스매치,5230,285.0,199.0,0.0,124.0,57.0,85.0,24.0,10.0,1.0,11.0,122.0,32.0,7043,444.0,380.0,0.0,211.0,29.0,100.0,29.0,12.0,4.0,19.0,253.0,27.0,-1813,-159.0,-181.0,0.4863481228668942,0.757679180887372,-0.2713310580204778,1.2440273037542662,1.5578947368421052,0.11228070175438597,0.2982456140350877,0.4280701754385965,0.08421052631578947,0.03859649122807018,0.0035087719298245615,0.03508771929824561,0.2,0.30175438596491233,False,True
2729063000,27290,달서구,송현1동,27,30,26,29,35,36,40,223,83,140,562.0,209.0,5.0,170.0,91.0,3.0,392.0,118.0,2.0,40.0,1.0,522.0,4.0,2.5201793721973096,0.3718861209964413,0.937219730941704,0.0711743772241993,0.5928571428571429,질적미스매치,5382,171.0,130.0,0.0,81.0,17.0,56.0,10.0,28.0,0.0,5.0,63.0,9.0,6650,258.0,212.0,0.0,138.0,28.0,69.0,16.0,19.0,0.0,10.0,135.0,9.0,-1268,-87.0,-82.0,0.7668161434977578,1.15695067264574,-0.3901345291479821,1.9237668161434975,1.5087719298245614,0.05263157894736842,0.32748538011695905,0.3684210526315789,0.05847953216374269,0.029239766081871343,0.0,0.16374269005847952,0.09941520467836257,0.23976608187134507,False,True
2729064000,27290,달서구,송현2동,76,67,60,60,67,63,59,452,203,249,679.0,413.0,6.0,195.0,173.0,4.0,484.0,240.0,2.0,175.0,3.0,504.0,3.0,1.502212389380531,0.6082474226804123,0.913716814159292,0.2577319587628865,0.8152610441767069,질적미스매치,5886,313.0,248.0,2.0,165.0,33.0,75.0,14.0,23.0,0.0,4.0,182.0,15.0,5709,210.0,172.0,1.0,104.0,19.0,51.0,15.0,17.0,1.0,9.0,102.0,15.0,177,103.0,76.0,0.6924778761061947,0.4646017699115044,0.2278761061946902,1.157079646017699,0.670926517571885,0.04792332268370607,0.23961661341853036,0.5814696485623003,0.04472843450479233,0.012779552715654952,0.0,0.07348242811501597,0.10543130990415335,0.207667731629393,False,True
2729065000,27290,달서구,본동,53,65,50,35,48,52,35,338,168,170,196.0,104.0,3.0,132.0,61.0,2.0,64.0,43.0,1.0,45.0,1.0,151.0,2.0,0.5798816568047337,0.5306122448979592,0.3076923076923077,0.2295918367346938,0.9882352941176472,이중취약,4193,219.0,176.0,0.0,114.0,21.0,49.0,4.0,41.0,0.0,4.0,103.0,18.0,3978,216.0,180.0,0.0,115.0,16.0,49.0,16.0,20.0,0.0,5.0,111.0,15.0,215,3.0,-4.0,0.6479289940828402,0.6390532544378699,0.0088757396449704,1.28698224852071,0.9863013698630136,0.0821917808219178,0.2237442922374429,0.4703196347031963,0.0182648401826484,0.0182648401826484,0.0,0.1872146118721461,0.0958904109589041,0.19634703196347036,False,True
2771025000,27710,달성군,화원읍,218,201,189,180,195,188,236,1407,608,799,2190.0,1436.0,27.0,1130.0,669.0,20.0,1060.0,767.0,7.0,526.0,11.0,1664.0,16.0,1.556503198294243,0.6557077625570776,1.0206112295664531,0.2401826484018265,0.7609511889862328,양호,10974,718.0,514.0,0.0,332.0,108.0,184.0,32.0,20.0,1.0,18.0,431.0,32.0,11982,812.0,574.0,1.0,407.0,71.0,233.0,45.0,30.0,1.0,26.0,426.0,51.0,-1008,-94.0,-60.0,0.5103056147832267,0.5771144278606966,-0.0668088130774697,1.0874200426439231,1.1309192200557103,0.04456824512534819,0.2562674094707521,0.6002785515320335,0.04456824512534819,0.025069637883008356,0.001392757660167131,0.027855153203342618,0.15041782729805014,0.28412256267409475,False,True
2771025300,27710,달성군,논공읍,38,41,46,42,41,53,61,322,125,197,1055.0,626.0,14.0,694.0,364.0,11.0,361.0,262.0,3.0,90.0,2.0,965.0,12.0,3.2763975155279503,0.5933649289099526,1.944099378881988,0.0853080568720379,0.6345177664974619,질적미스매치,4111,199.0,145.0,0.0,71.0,28.0,58.0,17.0,8.0,0.0,8.0,79.0,29.0,5267,318.0,238.0,1.0,138.0,27.0,84.0,37.0,9.0,2.0,10.0,146.0,30.0,-1156,-119.0,-93.0,0.6180124223602484,0.9875776397515528,-0.3695652173913043,1.605590062111801,1.5979899497487438,0.1457286432160804,0.2914572864321608,0.3969849246231156,0.08542713567839195,0.04020100502512563,0.0,0.04020100502512563,0.1407035175879397,0.27135678391959794,False,True
2771025600,27710,달성군,다사읍,632,593,594,620,746,759,877,4821,1819,3002,5221.0,3575.0,76.0,2704.0,1698.0,60.0,2517.0,1877.0,16.0,1695.0,28.0,3526.0,48.0,1.0829703381041278,0.684734725148439,0.741547396805642,0.3246504501053438,0.605929380413058,양호,20713,2195.0,1691.0,0.0,1076.0,175.0,535.0,149.0,91.0,7.0,91.0,1176.0,146.0,21836,2683.0,2165.0,0.0,1332.0,217.0,539.0,153.0,102.0,8.0,136.0,1563.0,182.0,-1123,-488.0,-474.0,0.4552997303464011,0.5565235428334371,-0.1012238124870358,1.0118232731798382,1.2223234624145787,0.06651480637813212,0.2437357630979499,0.5357630979498861,0.06788154897494306,0.04145785876993166,0.0031890660592255125,0.04145785876993166,0.07972665148063782,0.22961275626423694,False,True
2771025900,27710,달성군,유가읍,255,261,245,271,303,334,408,2077,761,1316,1632.0,1126.0,26.0,965.0,681.0,23.0,667.0,445.0,3.0,1141.0,15.0,491.0,11.0,0.7857486759749639,0.6899509803921569,0.5421280693307655,0.6991421568627451,0.5782674772036475,물리적부족,9558,1193.0,956.0,0.0,523.0,50.0,224.0,88.0,52.0,4.0,48.0,667.0,110.0,8556,1117.0,906.0,0.0,446.0,73.0,212.0,74.0,44.0,3.0,42.0,645.0,97.0,1002,76.0,50.0,0.5743861338468945,0.5377948964853153,0.0365912373615792,1.11218103033221,0.9362950544844929,0.09220452640402348,0.18776194467728416,0.559094719195306,0.07376362112321877,0.040234702430846606,0.003352891869237217,0.04358759430008382,0.041911148365465216,0.1986588432523051,False,True
2771026200,27710,달성군,옥포읍,91,101,111,119,135,139,195,891,303,588,1160.0,508.0,17.0,698.0,311.0,14.0,462.0,197.0,3.0,423.0,7.0,737.0,10.0,1.3019079685746353,0.4379310344827586,0.5701459034792368,0.3646551724137931,0.5153061224489796,질적미스매치,4873,365.0,264.0,0.0,144.0,32.0,87.0,60.0,12.0,6.0,16.0,162.0,22.0,5716,633.0,492.0,1.0,275.0,51.0,133.0,62.0,15.0,5.0,37.0,338.0,43.0,-843,-268.0,-228.0,0.409652076318743,0.7104377104377104,-0.3007856341189674,1.1200897867564534,1.7342465753424658,0.06027397260273973,0.23835616438356164,0.4438356164383562,0.1643835616438356,0.043835616438356165,0.01643835616438356,0.03287671232876712,0.08767123287671233,0.27671232876712326,False,True
2771026500,27710,달성군,현풍읍,90,100,101,99,108,152,174,824,291,533,1423.0,1036.0,15.0,623.0,376.0,10.0,800.0,660.0,5.0,458.0,6.0,965.0,9.0,1.7269417475728157,0.7280393534785664,1.2572815533980584,0.3218552354181307,0.5459662288930581,양호,8395,376.0,283.0,0.0,162.0,33.0,110.0,28.0,19.0,0.0,11.0,153.0,55.0,8940,570.0,465.0,0.0,268.0,47.0,128.0,36.0,22.0,2.0,20.0,311.0,51.0,-545,-194.0,-182.0,0.4563106796116505,0.691747572815534,-0.2354368932038835,1.1480582524271843,1.5159574468085106,0.14627659574468085,0.2925531914893617,0.4069148936170212,0.07446808510638298,0.02925531914893617,0.0,0.05053191489361702,0.08776595744680851,0.24734042553191493,False,True
2771031000,27710,달성군,가창면,13,12,6,9,13,24,16,93,31,62,58.0,17.0,2.0,0.0,0.0,0.0,58.0,17.0,2.0,58.0,2.0,0.0,0.0,0.6236559139784946,0.293103448275862,0.1827956989247312,1.0,0.5,이중취약,1485,56.0,31.0,0.0,19.0,18.0,16.0,7.0,2.0,6.0,1.0,19.0,5.0,1800,83.0,57.0,0.0,39.0,5.0,29.0,4.0,2.0,2.0,7.0,31.0,8.0,-315,-27.0,-26.0,0.6021505376344086,0.8924731182795699,-0.2903225806451613,1.4946236559139785,1.4821428571428572,0.08928571428571429,0.2857142857142857,0.3392857142857143,0.125,0.017857142857142856,0.10714285714285714,0.03571428571428571,0.32142857142857145,0.4464285714285714,True,False
2771033000,27710,달성군,하빈면,1,4,2,1,7,1,6,22,7,15,77.0,16.0,2.0,59.0,12.0,1.0,18.0,4.0,1.0,77.0,2.0,0.0,0.0,3.5,0.2077922077922078,0.7272727272727273,1.0,0.4666666666666667,질적미스매치,761,33.0,16.0,0.0,12.0,9.0,17.0,2.0,1.0,1.0,1.0,7.0,4.0,822,36.0,22.0,0.0,16.0,4.0,12.0,7.0,0.0,0.0,2.0,12.0,3.0,-61,-3.0,-6.0,1.5,1.6363636363636365,-0.1363636363636363,3.136363636363636,1.0909090909090908,0.12121212121212122,0.5151515151515151,0.2121212121212121,0.06060606060606061,0.030303030303030304,0.030303030303030304,0.030303030303030304,0.2727272727272727,0.5151515151515151,True,False
2771038000,27710,달성군,구지면,178,171,182,222,214,221,244,1432,531,901,1168.0,846.0,17.0,764.0,578.0,15.0,404.0,268.0,2.0,933.0,11.0,235.0,6.0,0.8156424581005587,0.7243150684931506,0.590782122905028,0.7988013698630136,0.5893451720310766,물리적부족,7032,579.0,439.0,0.0,283.0,38.0,167.0,47.0,20.0,2.0,25.0,218.0,100.0,7331,804.0,644.0,0.0,395.0,74.0,171.0,80.0,27.0,3.0,41.0,390.0,92.0,-299,-225.0,-205.0,0.4043296089385474,0.5614525139664804,-0.1571229050279329,0.965782122905028,1.38860103626943,0.17271157167530224,0.28842832469775476,0.3765112262521589,0.08117443868739206,0.04317789291882556,0.0034542314335060447,0.03454231433506045,0.06563039723661486,0.24179620034542315,False,True
